grubhub_slug,grubhub_business_hours,ubereats_slug,ubereats_business_hours,is_out_range
snobbychic_bigfamousd_gh,10080,snobbychickenwi_paninigrill9371_ue,10073,Out of Range
nicosital_sicilianpi_gh,5670,nicositalianris_mariothebaker_ue,810,Out of Range
arifsmedit_tlkitche_gh,4620,arifsmediterran_gaters_ue,600,Out of Range
thefrenchf_tlkitche_gh,4620,thefrenchfriesg_gaters_ue,600,Out of Range
bombayseaf_goldstreet_gh,4920,bombayseafoodgr_canteendesidhab_ue,390,Out of Range
indianchickenco_goldstreet_gh,4194,indianchickenco_canteendesidhab_ue,390,Out of Range
breakfastb_omegasalad_gh,10080,breakfastburrit_paninigrill9371_ue,1439,Out of Range
snobbychic_bigfamousd_gh,10080,snobbychickenwi_paninigrill9371_ue,1439,Out of Range
thepancake_greenolive_gh,10080,thepancakesnob_salsplacedeligr_ue,1439,Out of Range
theburgers_miyucatan_gh,7980,theburgerstack_lemontreegourme_ue,1439,Out of Range
smoothiean_paninigril_gh,10080,smoothieanddess_seaportdeli_ue,1439,Out of Range
paulospiz_villagecaf_gh,4830,paulospizza_sicilianpizzabr_ue,1439,Out of Range
heavenschi_chelseapap_gh,10080,heavenschickenw_paninicafe_ue,1439,Out of Range
friedchick_omegasalad_gh,10080,friedchickensav_remedydiner_ue,10073,Out of Range
aldoswrapsspot_paninicafe_gh,10080,aldoswrapsspot_paninicafe_ue,10073,Out of Range
joeschicke_plazamarke_gh,7140,joeschickenandw_wesamdeli_ue,7140,In Range
fiestamexi_citideli_gh,6480,fiestamexicansp_headlinesdiner_ue,4800,Out of Range
primapaninibar_lincolngourmetd_gh,10080,primapaninibar_lincolngourmetd_ue,10073,Out of Range
casadeques_paninigril_gh,10080,casadequesadill_seaportdeli_ue,1439,Out of Range
casadeques_allnitepiz_gh,6480,casadequesadill_eastsidedeli_ue,960,Out of Range
marysomel_miyucatan_gh,7560,marysomeletteba_lemontreegourme_ue,1439,Out of Range
luigispas_allnitepiz_gh,5460,luigispastarist_mrpizzaman_ue,720,Out of Range
highlifepi_chelseafin_gh,5880,highlifepizzas_saranbrothersll_ue,5220,Out of Range
romanspiz_headlinesd_gh,10080,romanspizzaoven_sicilianpizzapa_ue,10073,Out of Range
thesaladgod_lincolngourmetd_gh,10080,thesaladgod_lincolngourmetd_ue,10073,Out of Range
thebagelsa_remedydine_gh,5640,thebagelsavage_1upbistro_ue,5880,Out of Range
desidhababreakf_desideli_gh,10080,desidhababreakf_desideli_ue,10073,Out of Range
freshsailo_gaters_gh,5460,freshsailorseaf_miyucatan_ue,780,Out of Range
thesandwic_greenolive_gh,6720,thesandwichslut_salsplacedeligr_ue,6720,In Range
generalsf_palacerest_gh,7560,generalsfrencht_wesamdeli_ue,6120,Out of Range
insomniabuffalo_daddysdelights_gh,5640,insomniabuffalo_daddysdelights_ue,900,Out of Range
samsscrum_seaportdel_gh,6390,samsscrumptious_albashasubsdear_ue,3840,Out of Range
thedessert_gaters_gh,5460,thedessertdream_miyucatan_ue,780,Out of Range
vegetarian_goldstreet_gh,5700,vegetarianindia_canteendesidhab_ue,3120,Out of Range
firstlight_paninigril_gh,10080,firstlightbreak_remedydiner_ue,780,Out of Range
thepancake_greenolive_gh,10080,thepancakesnob_salsplacedeligr_ue,6720,Out of Range
indianchickensnob_goldstreet_gh,4200,indianchickensn_canteendesidhab_ue,3116,Out of Range
oliviassa_paninigril_gh,10080,oliviassandwich_seaportdeli_ue,10073,Out of Range
villageque_plazamarke_gh,7560,villagequesadil_wesamdeli_ue,7140,Out of Range
wonderland_heavenlyma_gh,7140,wonderlandwraps_1stavegourmetde_ue,7140,In Range
theburgerc_remedydine_gh,5640,theburgerco_1upbistro_ue,5880,Out of Range
halalindianmons_desideli_gh,7560,halalindianmons_desideli_ue,10073,Out of Range
chicnugget_eastsidede_gh,20160,chicnuggetsspot_bigfamousdeligr_ue,10073,Out of Range
thepastatw_hudsonmark_gh,6660,thepastatwins_michaelangelosp_ue,1020,Out of Range
hydesgril_seaportdel_gh,5520,hydesgrilledche_1upbistro_ue,5880,Out of Range
veganfalafelspo_frescopizzagril_gh,7995,veganfalaf_frescopizz_ue,5550,Out of Range
wonderland_villagecaf_gh,10080,wonderlandwraps_plazamarketquee_ue,10073,Out of Range
thesaladsn_tlkitche_gh,4260,thesaladsnob_gaters_ue,600,Out of Range
juliasjui_wesamdeli_gh,10080,juliasjuiceshac_citideli_ue,1439,Out of Range
franksfre_mariotheba_gh,8400,franksfrenchtoa_heavenlymarketi_ue,1439,Out of Range
thefrenchf_mariotheba_gh,8400,thefrenchfriesg_heavenlymarketi_ue,1439,Out of Range
devilshot_seaportdel_gh,5580,devilshotwings_farmerspizzagri_ue,840,Out of Range
fionasult_1upbistro_gh,10080,fionasultimatew_plazagourmetdel_ue,1439,Out of Range
freshnfrui_1upbistro_gh,10080,freshnfruitysmo_plazagourmetdel_ue,1439,Out of Range
juliasjui_gaters_gh,5460,juliasjuiceshac_miyucatan_ue,780,Out of Range
theburgerj_hudsonmark_gh,6000,theburgerjoint_michaelangelosp_ue,600,Out of Range
meansaladb_remedydine_gh,8400,meansaladbar_seaportdeli_ue,1439,Out of Range
theburritobae_princedelimarke_gh,9090,theburritobae_princedelimarke_ue,8460,Out of Range
thesandwichvibe_heavenlyma_gh,7140,thesandwichvibe_1stavegourmetde_ue,1080,Out of Range
farmergirl_citideli_gh,2880,farmergirlsalad_headlinesdiner_ue,4800,Out of Range
juliasjui_plazamarke_gh,7560,juliasjuiceshac_wesamdeli_ue,7140,Out of Range
thepastast_allnitepiz_gh,6330,thepastastory_eastsidedeli_ue,4500,Out of Range
kabobngril_americanch_gh,4500,kabobngril_greenolive_ue,360,Out of Range
theburrito_paninicafe_gh,5310,theburritosnob_villagecafegril_ue,4860,Out of Range
chinesein_goldstreet_gh,3825,chineseindianfu_canteendesidhab_ue,3120,Out of Range
wondaswra_citideli_gh,6480,wondaswrapcafe_headlinesdiner_ue,4800,Out of Range
theitalian_hudsonmark_gh,6600,theitalianpasta_sicilianpizzapa_ue,10073,Out of Range
midtownquesadil_lincolngourmetd_gh,10080,midtownquesadil_lincolngourmetd_ue,10073,Out of Range
bigeswrap_wesamdeli_gh,8400,bigeswraps_citideli_ue,1439,Out of Range
theburgert_greenolive_gh,6720,theburgertrilog_salsplacedeligr_ue,960,Out of Range
bigeasesmo_wesamdeli_gh,8400,bigeasesmoothie_citideli_ue,10073,Out of Range
nychinesej_plazagourm_gh,5820,nychinesejointo_newyorkthaigril_ue,10073,Out of Range
indianchickenco_goldstreet_gh,4194,indianchickenco_canteendesidhab_ue,779,Out of Range
salvatore_bigfamousd_gh,6300,salvatoresparmi_modenapizzaicec_ue,6720,Out of Range
theacaidre_allnitepiz_gh,6330,theacaidream_eastsidedeli_ue,960,Out of Range
sarahssal_marhabaind_gh,6300,sarahssaladbar_milanspizzeriap_ue,870,Out of Range
theamericanchee_princedelimarke_gh,9090,theamericanchee_princedelimarke_ue,8460,Out of Range
palaceindo_gaters_gh,5040,palaceindochnes_marhabaindian_ue,4830,Out of Range
genosglut_sicilianpi_gh,6300,genosglutenfree_michaelangelosp_ue,6120,Out of Range
dannysdes_1upbistro_gh,3030,dannysdesserts_farmerspizzagri_ue,780,Out of Range
thegyrosno_bigfamousd_gh,6720,thegyrosnob_omegasaladbarde_ue,6930,Out of Range
thebreakfa_gaters_gh,5640,thebreakfastsno_miyucatan_ue,780,Out of Range
pizzathril_sicilianpi_gh,6300,pizzathriller_michaelangelosp_ue,6120,Out of Range
frankiesb_omegasalad_gh,10080,frankiesburgerb_paninigrill9371_ue,10073,Out of Range
phillychee_citideli_gh,10080,phillycheeseste_hudsonmarketpla_ue,1439,Out of Range
italianpastajoi_daddysdelights_gh,5640,italianpastajoi_daddysdelights_ue,480,Out of Range
palmtreeju_michaelang_gh,10080,palmtreejuiceba_heavenlymarketi_ue,1439,Out of Range
thegyrospo_1upbistro_gh,5040,thegyrospot_farmerspizzagri_ue,840,Out of Range
bradsbuffalowin_chelseapapaya_gh,10080,bradsbuffalowin_chelseapapaya_ue,1439,Out of Range
chickenastender_chelseapapaya_gh,10080,chickenastender_chelseapapaya_ue,1439,Out of Range
franksphi_villagecaf_gh,10080,franksphillyche_sicilianpizzabr_ue,720,Out of Range
goldenbear_villagecaf_gh,10080,goldenbearsandw_sicilianpizzabr_ue,1439,Out of Range
highlifeco_sicilianpi_gh,6600,highlifecoffees_sicilianpizzapa_ue,10073,Out of Range
thesandwic_citideli_gh,6480,thesandwichcafe_headlinesdiner_ue,4800,Out of Range
firstlight_marhabaind_gh,10080,firstlightbreak_lemontreegourme_ue,10073,Out of Range
sandwichon_milanspiz_gh,7980,sandwichonfleek_lemontreegourme_ue,10073,Out of Range
phillychee_hudsonmark_gh,7020,phillycheeseste_michaelangelosp_ue,1020,Out of Range
sashassan_omegasalad_gh,10080,sashassandwiche_remedydiner_ue,10073,Out of Range
chucksfri_headlinesd_gh,10080,chucksfriedchic_sicilianpizzapa_ue,10073,Out of Range
josesburritobar_paninicafe_gh,10080,josesburritobar_paninicafe_ue,10073,Out of Range
janesjuic_mariotheba_gh,7560,janesjuicebar_heavenlymarketi_ue,8634,Out of Range
juliasjui_wesamdeli_gh,10080,juliasjuiceshac_citideli_ue,10073,Out of Range
chucksche_aladdinsk_gh,10080,chuckscheeseste_chelseafinefood_ue,10073,Out of Range
dannysdes_marhabaind_gh,3930,dannysdesserts_milanspizzeriap_ue,870,Out of Range
chiefsche_theorigina_gh,7140,chiefscheeseste_plazagourmetdel_ue,7140,In Range
halalcheesestea_frescopizzagril_gh,7995,halalchees_frescopizz_ue,5550,Out of Range
wonkassmoothieb_princedelimarke_gh,10080,wonkassmoothieb_princedelimarke_ue,8460,Out of Range
jjsphilly_salsplace_gh,6300,jjsphillycheese_omegasaladbarde_ue,6930,Out of Range
highlifeco_hudsonmark_gh,8400,highlifecoffees_hudsonmarketpla_ue,1439,Out of Range
theburgerh_olivesorga_gh,7140,theburgerhole_allnitepizza_ue,5880,Out of Range
villagebreakfas_princedelimarke_gh,10080,villagebreakfas_princedelimarke_ue,8460,Out of Range
goldenbear_mariotheba_gh,7560,goldenbearsandw_heavenlymarketi_ue,10073,Out of Range
curtisfriedchic_chelseapapaya_gh,10080,curtisfriedchic_chelseapapaya_ue,10073,Out of Range
scottysba_mariotheba_gh,10080,scottysbagelexp_heavenlymarketi_ue,1439,Out of Range
firstlight_marhabaind_gh,10080,firstlightbreak_lemontreegourme_ue,1439,Out of Range
thepaniniprojec_princedelimarke_gh,9090,thepaniniprojec_princedelimarke_ue,8460,Out of Range
lucasphil_allnitepiz_gh,5400,lucasphillychee_mrpizzaman_ue,720,Out of Range
padthaisno_goldstreet_gh,3825,padthaisnob_canteendesidhab_ue,3120,Out of Range
indianbiryanisn_desideli_gh,8610,indianbiryanisn_desideli_ue,10073,Out of Range
marthasbr_plazamarke_gh,7560,marthasbreakfas_wesamdeli_ue,7140,Out of Range
charliesc_mrpizzama_gh,20160,charlieschicken_bigfamousdeligr_ue,10073,Out of Range
bensbuffa_headlinesd_gh,10080,bensbuffalowing_sicilianpizzapa_ue,1020,Out of Range
charliescco_villagecaf_gh,10080,charliescalzone_sicilianpizzabr_ue,720,Out of Range
goodplanetvegan_chelseapapaya_gh,10080,goodplanetvegan_chelseapapaya_ue,1439,Out of Range
theburgers_miyucatan_gh,7980,theburgerstack_lemontreegourme_ue,10073,Out of Range
thepancakesnob_heavenlyma_gh,7140,thepancakesnob_1stavegourmetde_ue,6840,Out of Range
theacaista_allnitepiz_gh,6450,theacaistation_eastsidedeli_ue,900,Out of Range
mollyschi_olivesorga_gh,7560,mollyschickenwi_allnitepizza_ue,5880,Out of Range
firenzepas_headlinesd_gh,10080,firenzepastaris_sicilianpizzapa_ue,10073,Out of Range
thebreakfa_plazamarke_gh,7140,thebreakfastdre_wesamdeli_ue,7140,In Range
originofch_eastsidede_gh,20160,originofcheesec_bigfamousdeligr_ue,10073,Out of Range
beemansbu_wesamdeli_gh,8400,beemansburgerba_citideli_ue,10073,Out of Range
princesspanini_paninicafe_gh,7560,princesspanini_paninicafe_ue,10073,Out of Range
dannysdes_chelseafin_gh,5640,dannysdesserts_saranbrothersll_ue,5220,Out of Range
patricias_citideli_gh,6480,patriciaspanini_headlinesdiner_ue,4800,Out of Range
marysomel_aladdinsk_gh,10080,marysomeletteba_chelseafinefood_ue,10073,Out of Range
insomniabu_heavenlyma_gh,6420,insomniabuffalo_1stavegourmetde_ue,7140,Out of Range
empirestat_heavenlyma_gh,7110,empirestatepani_1stavegourmetde_ue,7140,Out of Range
pennyspancakes_princedelimarke_gh,9090,pennyspancakes_princedelimarke_ue,8460,Out of Range
wonkassmo_canteendes_gh,6300,wonkassmoothieb_americanchoiceg_ue,1439,Out of Range
thesaladgo_hudsonmark_gh,6660,thesaladgod_michaelangelosp_ue,600,Out of Range
breakfastb_villagecaf_gh,10080,breakfastburrit_plazamarketquee_ue,1439,Out of Range
pardonmypa_plazamarke_gh,5880,pardonmypanini_plazamarketquee_ue,1439,Out of Range
theburgerc_remedydine_gh,5640,theburgerco_1upbistro_ue,540,Out of Range
mufasaspa_headlinesd_gh,10080,mufasaspancakes_hudsonmarketpla_ue,1439,Out of Range
thechicken_gaters_gh,5640,thechickenaffai_miyucatan_ue,780,Out of Range
patricias_originalpi_gh,8400,patriciaspanini_olivesorganicma_ue,1140,Out of Range
thegyrosho_plazamarke_gh,7140,thegyroshop_wesamdeli_ue,7560,Out of Range
villageque_plazamarke_gh,7560,villagequesadil_wesamdeli_ue,7560,In Range
londonsfishnchi_chelseapapaya_gh,10080,londonsfishnchi_chelseapapaya_ue,1439,Out of Range
theomelett_1upbistro_gh,7140,theomelettefarm_plazagourmetdel_ue,1439,Out of Range
friedchick_villagecaf_gh,10080,friedchickenco_sicilianpizzabr_ue,1439,Out of Range
themontage_heavenlyma_gh,7575,themontageveget_aladdinskitchen_ue,1080,Out of Range
bosscatche_paninicafe_gh,5310,bosscatcheesest_villagecafegril_ue,4680,Out of Range
thecheeseb_wesamdeli_gh,7980,thecheeseburger_citideli_ue,1439,Out of Range
theburrito_allnitepiz_gh,5400,theburritotaque_mrpizzaman_ue,690,Out of Range
siponsmoot_allnitepiz_gh,6480,siponsmoothie_eastsidedeli_ue,960,Out of Range
thejuiceaf_wesamdeli_gh,7980,thejuiceaffair_citideli_ue,1439,Out of Range
nancysgrilledch_wesamdeli_gh,7560,nancysgrilledch_wesamdeli_ue,7140,Out of Range
theitalian_bigfamousd_gh,1050,theitalianpizza_modenapizzaicec_ue,960,Out of Range
freshnfrui_1upbistro_gh,10080,freshnfruitysmo_plazagourmetdel_ue,7140,Out of Range
fionaspan_remedydine_gh,5640,fionaspancakeba_1upbistro_ue,5880,Out of Range
fionasveg_americanch_gh,7560,fionasveganpizz_allnitepizza_ue,1020,Out of Range
fionasfre_1upbistro_gh,5220,fionasfrenchtoa_farmerspizzagri_ue,840,Out of Range
tiastorta_gaters_gh,5640,tiastortas_miyucatan_ue,780,Out of Range
masonsbur_remedydine_gh,8400,masonsburgerbar_seaportdeli_ue,4320,Out of Range
healthysal_sicilianpi_gh,5670,healthysaladbar_mariothebaker_ue,809,Out of Range
theshawarmabar_frescopizzagril_gh,7995,theshawarmabar_frescopizz_ue,5550,Out of Range
stansburg_olivesorga_gh,8820,stansburgerbar_americanchoiceg_ue,10073,Out of Range
thequinoac_omegasalad_gh,8400,thequinoacraze_paninigrill9371_ue,1439,Out of Range
coffeecrem_mariotheba_gh,8400,coffeecremasnob_heavenlymarketi_ue,1439,Out of Range
gloriouspa_originalpi_gh,7860,gloriouspaninis_olivesorganicma_ue,1200,Out of Range
vegetarian_tlkitche_gh,5040,vegetarianvegan_marhabaindian_ue,720,Out of Range
theburgerc_tlkitche_gh,4200,theburgerco_gaters_ue,600,Out of Range
phillychee_goldstreet_gh,5880,phillycheeseste_saranbrothersll_ue,5220,Out of Range
indiasquickbite_desideli_gh,7560,indiasquickbite_desideli_ue,1230,Out of Range
saladkreat_mrpizzama_gh,7560,saladkreation_salsplacedeligr_ue,1439,Out of Range
toppaninis_paninigril_gh,10080,toppaninishop_seaportdeli_ue,1439,Out of Range
bosscatche_paninicafe_gh,5310,bosscatcheesest_villagecafegril_ue,630,Out of Range
hellagoodc_paninicafe_gh,6720,hellagoodchicke_villagecafegril_ue,630,Out of Range
justinsju_1stavegour_gh,10080,justinsjuicebar_goldstreetmarke_ue,1439,Out of Range
rjsphilly_1stavegour_gh,10080,rjsphillycheese_goldstreetmarke_ue,1439,Out of Range
sashassan_lincolngou_gh,8100,sashassan_frescopizz_ue,1140,Out of Range
lvtacobar_allnitepiz_gh,4140,lvtacobar_mrpizzaman_ue,780,Out of Range
thebagelsa_remedydine_gh,5640,thebagelsavage_1upbistro_ue,540,Out of Range
morningsea_paninigril_gh,7560,morningseafoodc_remedydiner_ue,10073,Out of Range
wonkassmo_canteendes_gh,6300,wonkassmoothieb_americanchoiceg_ue,10073,Out of Range
justinsju_1stavegour_gh,10080,justinsjuicebar_goldstreetmarke_ue,7560,Out of Range
breakfastb_plazamarke_gh,6090,breakfastburrit_crosstowndinerc_ue,6090,In Range
bainsburgerbar_frescopizzagril_gh,7995,bainsburg_frescopizz_ue,5550,Out of Range
crispyfala_americanch_gh,4500,crispyfala_greenolive_ue,690,Out of Range
xxxhotwing_paninicafe_gh,5310,xxxhotwings_villagecafegril_ue,4860,Out of Range
theburgerb_1upbistro_gh,5640,theburgerblade_farmerspizzagri_ue,780,Out of Range
fallonsfriedchi_classicpizza_gh,4920,fallonsfriedchi_classicpizza_ue,4680,Out of Range
paulospiz_villagecaf_gh,4830,paulospizza_sicilianpizzabr_ue,720,Out of Range
friedmunch_mariotheba_gh,10080,friedmunchiessh_heavenlymarketi_ue,1439,Out of Range
saladsnsou_paninigril_gh,7560,saladsnsoupssta_remedydiner_ue,10073,Out of Range
nicosital_sicilianpi_gh,5670,nicositalianris_mariothebaker_ue,5670,In Range
alisgyrol_remedydine_gh,5640,alisgyrolab_1upbistro_ue,5880,Out of Range
finelinede_tlkitche_gh,4620,finelinedessert_gaters_ue,5040,Out of Range
phillychee_citideli_gh,10080,phillycheeseste_hudsonmarketpla_ue,10073,Out of Range
thepaninip_remedydine_gh,8400,thepaniniprojec_seaportdeli_ue,10073,Out of Range
chuckscheeseste_frescopizzagril_gh,7995,chuckschee_frescopizz_ue,5550,Out of Range
chrisschi_hudsonmark_gh,6300,chrisschickente_michaelangelosp_ue,4950,Out of Range
thepastatw_villagecaf_gh,5040,thepastatwins_sicilianpizzabr_ue,720,Out of Range
thepizzaobsessi_daddysdelights_gh,5820,thepizzaobsessi_daddysdelights_ue,900,Out of Range
wonderland_1upbistro_gh,3060,wonderlandwraps_farmerspizzagri_ue,4800,Out of Range
salssmoot_sicilianpi_gh,5880,salssmoothiespo_plazamarketquee_ue,5033,Out of Range
sincityburgersp_daddysdelights_gh,5640,sincityburgersp_daddysdelights_ue,5400,Out of Range
thesaladsn_sicilianpi_gh,10080,thesaladsnob_sicilianpizzabr_ue,720,Out of Range
bartsburgerbar_chelseapapaya_gh,10080,bartsburgerbar_chelseapapaya_ue,10073,Out of Range
midtownque_chelseafin_gh,5640,midtownquesadil_saranbrothersll_ue,5220,Out of Range
thejuiceaf_paninicafe_gh,5460,thejuiceaffair_villagecafegril_ue,4860,Out of Range
chickenten_plazamarke_gh,6090,chickentendersb_crosstowndinerc_ue,6090,In Range
salvatore_sicilianpi_gh,5670,salvatoresparmi_mariothebaker_ue,809,Out of Range
thepastatw_bigfamousd_gh,6300,thepastatwins_modenapizzaicec_ue,900,Out of Range
samsscrum_seaportdel_gh,6390,samsscrumptious_albashasubsdear_ue,960,Out of Range
salssmoot_sicilianpi_gh,5880,salssmoothiespo_plazamarketquee_ue,1439,Out of Range
pardonmypa_headlinesd_gh,6480,pardonmypanini_headlinesdiner_ue,960,Out of Range
chickennfr_wesamdeli_gh,7980,chickennfries_citideli_ue,1439,Out of Range
frenchomel_mariotheba_gh,7560,frenchomeletteb_heavenlymarketi_ue,1439,Out of Range
phillychee_michaelang_gh,10080,phillycheeseste_heavenlymarketi_ue,1439,Out of Range
luigispas_sicilianpi_gh,5670,luigispastarist_mariothebaker_ue,810,Out of Range
jewelsbre_omegasalad_gh,8400,jewelsbreakfast_paninigrill9371_ue,1439,Out of Range
homerunpan_milanspiz_gh,7560,homerunpaninis_lemontreegourme_ue,1439,Out of Range
oliviassa_canteendes_gh,6300,oliviassandwich_americanchoiceg_ue,10073,Out of Range
sarahssal_marhabaind_gh,6300,sarahssaladbar_milanspizzeriap_ue,900,Out of Range
theshawarmaeats_frescopizzagril_gh,7995,theshawarmaeats_frescopizz_ue,1140,Out of Range
oldtownsandwich_chelseapapaya_gh,10080,oldtownsandwich_chelseapapaya_ue,10073,Out of Range
bosscatche_heavenlyma_gh,7560,bosscatcheesest_1stavegourmetde_ue,7140,Out of Range
fionaspan_paninicafe_gh,4740,fionaspancakeba_villagecafegril_ue,4860,Out of Range
burritoloversba_princedelimarke_gh,9090,burritoloversba_princedelimarke_ue,8460,Out of Range
fionasbreakfast_frescopizzagril_gh,7995,fionasbre_frescopizz_ue,5550,Out of Range
greenssala_theorigina_gh,6510,greenssaladgod_plazagourmetdel_ue,7140,Out of Range
veronicas_villagecaf_gh,10080,veronicasburrit_plazamarketquee_ue,10073,Out of Range
siponsmoot_wesamdeli_gh,8400,siponsmoothie_citideli_ue,1439,Out of Range
philadelphiache_princedelimarke_gh,10080,philadelphiache_princedelimarke_ue,8460,Out of Range
icecreambakeryl_lincolngourmetd_gh,10080,icecreambakeryl_lincolngourmetd_ue,10073,Out of Range
tanyasveg_marhabaind_gh,10080,tanyasvegetaria_lemontreegourme_ue,10073,Out of Range
littleitalyscal_classicpizza_gh,6480,littleitalyscal_classicpizza_ue,4680,Out of Range
theburgerb_americanch_gh,5460,theburgerblade_mrpizzaman_ue,720,Out of Range
kevinsche_paninigril_gh,10080,kevinscheeseste_seaportdeli_ue,10073,Out of Range
wrapsoncra_milanspiz_gh,7560,wrapsoncrack_lemontreegourme_ue,1080,Out of Range
smoothiean_heavenlyma_gh,7560,smoothieanddess_1stavegourmetde_ue,7140,Out of Range
thechicken_omegsalad_gh,8400,thechickendream_omegasaladbarde_ue,6930,Out of Range
herosandwi_michaelang_gh,10080,herosandwichsho_heavenlymarketi_ue,10073,Out of Range
thesandwic_chelseafin_gh,5640,thesandwichcafe_saranbrothersll_ue,5220,Out of Range
patricias_canteendes_gh,10080,patriciaspanini_americanchoiceg_ue,10073,Out of Range
halalkabob_heavenlyma_gh,7680,halalkabobgrill_aladdinskitchen_ue,7455,Out of Range
thepancakespot_heavenlyma_gh,10080,thepancakespot_chelseafinefood_ue,1049,Out of Range
jjsphilly_salsplace_gh,6300,jjsphillycheese_omegasaladbarde_ue,1439,Out of Range
franksphillyche_daddysdelights_gh,5640,franksphillyche_daddysdelights_ue,480,Out of Range
indiasqui_goldstreet_gh,4194,indiasquickbite_canteendesidhab_ue,390,Out of Range
theministe_chelseafin_gh,5880,theministerwrap_saranbrothersll_ue,870,Out of Range
thesandwichslut_heavenlyma_gh,6480,thesandwichslut_1stavegourmetde_ue,1080,Out of Range
bageldynas_miyucatan_gh,10080,bageldynasty_lemontreegourme_ue,1439,Out of Range
hilltopsan_modenapizz_gh,6090,hilltopsandwich_modenapizzaicec_ue,900,Out of Range
sarahsbre_canteendes_gh,1260,sarahsbreakfast_americanchoiceg_ue,10073,Out of Range
xxxhotwing_paninicafe_gh,5310,xxxhotwings_villagecafegril_ue,630,Out of Range
theacaidre_allnitepiz_gh,6330,theacaidream_eastsidedeli_ue,930,Out of Range
veganfalafelspo_frescopizzagril_gh,7995,veganfalaf_frescopizz_ue,1140,Out of Range
theburrito_allnitepiz_gh,5400,theburritotaque_mrpizzaman_ue,780,Out of Range
kamalsvegetaria_desideli_gh,8610,kamalsvegetaria_desideli_ue,1230,Out of Range
smoothiean_canteendes_gh,8820,smoothieanddess_americanchoiceg_ue,10073,Out of Range
twohandbur_americanch_gh,7140,twohandburger_allnitepizza_ue,5880,Out of Range
midtownque_canteendes_gh,10080,midtownquesadil_americanchoiceg_ue,10073,Out of Range
nybreakfas_allnitepiz_gh,6330,nybreakfastspot_eastsidedeli_ue,4500,Out of Range
theshawarmaeats_frescopizzagril_gh,7995,theshawarmaeats_frescopizz_ue,5550,Out of Range
firenzepastaris_princedelimarke_gh,6030,firenzepastaris_princedelimarke_ue,8460,Out of Range
amandasbr_gaters_gh,5640,amandasbreakfas_miyucatan_ue,780,Out of Range
smokenhotw_americanch_gh,7560,smokenhotwingsb_allnitepizza_ue,5880,Out of Range
icecreamsu_americanch_gh,7140,icecreamsuperst_allnitepizza_ue,5880,Out of Range
theomelett_seaportdel_gh,5880,theomelettefarm_1upbistro_ue,5880,In Range
veganfalaf_tlkitche_gh,4200,veganfalafelspo_gaters_ue,5040,Out of Range
stellaspa_bigfamousd_gh,10080,stellaspancakeb_paninigrill9371_ue,10073,Out of Range
italiandes_paninigril_gh,10080,italiandesserts_seaportdeli_ue,10073,Out of Range
thebreakfastsno_chelseapapaya_gh,10080,thebreakfastsno_chelseapapaya_ue,10073,Out of Range
burritolov_1stavegour_gh,10080,burritoloversba_goldstreetmarke_ue,7560,Out of Range
veganindia_newyorktha_gh,5040,veganindianjoin_marhabaindian_ue,720,Out of Range
thechicken_modenapizz_gh,6090,thechickendream_modenapizzaicec_ue,900,Out of Range
thepastast_americanch_gh,5460,thepastastory_mrpizzaman_ue,780,Out of Range
chrisschickente_chelseapapaya_gh,10080,chrisschickente_chelseapapaya_ue,1439,Out of Range
theburgerh_tlkitche_gh,4620,theburgerhole_gaters_ue,600,Out of Range
sizzlintan_newyorktha_gh,5070,sizzlintandooro_marhabaindian_ue,720,Out of Range
despicable_1stavegour_gh,6720,despicablewraps_chelseafinefood_ue,1049,Out of Range
theburgers_heavenlyma_gh,6720,theburgerstack_chelseafinefood_ue,1049,Out of Range
thepancakesnob_heavenlyma_gh,7140,thepancakesnob_1stavegourmetde_ue,1080,Out of Range
icecreamsu_americanch_gh,7140,icecreamsuperst_allnitepizza_ue,1080,Out of Range
villageque_miyucatan_gh,10080,villagequesadil_lemontreegourme_ue,1439,Out of Range
burritoloversba_princedelimarke_gh,9090,burritoloversba_princedelimarke_ue,1439,Out of Range
halalpastaloung_frescopizzagril_gh,7995,halalpasta_frescopizz_ue,1140,Out of Range
jjsphillycheese_lincolngourmetd_gh,10080,jjsphillycheese_lincolngourmetd_ue,1439,Out of Range
juliasjui_plazamarke_gh,7560,juliasjuiceshac_wesamdeli_ue,7560,In Range
fionaspan_remedydine_gh,5640,fionaspancakeba_1upbistro_ue,540,Out of Range
ambrosialw_sicilianpi_gh,6300,ambrosialwings_michaelangelosp_ue,600,Out of Range
jrsphilly_sicilianpi_gh,5880,jrsphillycheese_plazamarketquee_ue,5033,Out of Range
lvtacobar_allnitepiz_gh,4140,lvtacobar_mrpizzaman_ue,690,Out of Range
jackschees_tlkitche_gh,4200,jackscheesestea_gaters_ue,5040,Out of Range
devilshot_seaportdel_gh,5580,devilshotwings_farmerspizzagri_ue,855,Out of Range
birdsburg_paninigril_gh,7560,birdsburgerbar_seaportdeli_ue,10073,Out of Range
bigbellypa_miyucatan_gh,10080,bigbellypaninis_lemontreegourme_ue,10073,Out of Range
sarahsbre_michaelang_gh,10080,sarahsbreakfast_heavenlymarketi_ue,8634,Out of Range
strombolih_sicilianpi_gh,5670,strombolihouse_mariothebaker_ue,810,Out of Range
fallenange_hudsonmark_gh,6600,fallenangelwing_sicilianpizzapa_ue,5670,Out of Range
hollysbur_paninicafe_gh,6720,hollysburgerbar_villagecafegril_ue,4860,Out of Range
pardonmypa_aladdinsk_gh,10080,pardonmypanini_chelseafinefood_ue,10073,Out of Range
chickensal_paninigril_gh,10080,chickensaladbar_seaportdeli_ue,8634,Out of Range
espressoco_marhabaind_gh,10080,espressocoffeee_lemontreegourme_ue,10073,Out of Range
thepaninip_omegasalad_gh,10080,thepaniniprojec_paninigrill9371_ue,10073,Out of Range
theburgert_olivesorga_gh,7560,theburgertrilog_allnitepizza_ue,1080,Out of Range
highlifepi_chelseafin_gh,5880,highlifepizzas_saranbrothersll_ue,870,Out of Range
manhattans_remedydine_gh,5640,manhattansaladb_1upbistro_ue,540,Out of Range
labellaita_heavenlyma_gh,7140,labellaitaliand_1stavegourmetde_ue,1080,Out of Range
thepastatw_hudsonmark_gh,6660,thepastatwins_michaelangelosp_ue,600,Out of Range
topnotchsa_miyucatan_gh,10080,topnotchsandwic_lemontreegourme_ue,1439,Out of Range
casadeques_allnitepiz_gh,6480,casadequesadill_eastsidedeli_ue,930,Out of Range
pressedonp_allnitepiz_gh,6480,pressedonpanini_eastsidedeli_ue,930,Out of Range
fionasbreakfast_frescopizzagril_gh,7995,fionasbre_frescopizz_ue,1140,Out of Range
maryssala_allnitepiz_gh,5190,maryssaladco_mrpizzaman_ue,780,Out of Range
hydesgril_seaportdel_gh,5520,hydesgrilledche_1upbistro_ue,540,Out of Range
arifsmedit_americanch_gh,4500,arifsmedit_greenolive_ue,390,Out of Range
maryswaff_olivesorga_gh,7140,maryswafflebar_allnitepizza_ue,5880,Out of Range
oliviasom_remedydine_gh,5640,oliviasomelette_1upbistro_ue,5880,Out of Range
chickenten_headlinesd_gh,10080,chickentendersb_sicilianpizzapa_ue,10073,Out of Range
thesandwichslut_heavenlyma_gh,6480,thesandwichslut_1stavegourmetde_ue,7140,Out of Range
thesaladgo_hudsonmark_gh,6660,thesaladgod_michaelangelosp_ue,1020,Out of Range
bigeasesmo_milanspiz_gh,7560,bigeasesmoothie_lemontreegourme_ue,1079,Out of Range
samsscrum_marhabaind_gh,3930,samsscrumptious_milanspizzeriap_ue,870,Out of Range
toppaninis_paninigril_gh,10080,toppaninishop_seaportdeli_ue,10073,Out of Range
twohandbur_michaelang_gh,7560,twohandburger_heavenlymarketi_ue,1439,Out of Range
saladkreat_canteendes_gh,10080,saladkreation_americanchoiceg_ue,10073,Out of Range
sicilysca_frescopizz_gh,6480,sicilyscalzoneh_classicpizza_ue,4680,Out of Range
thesandwichvibe_heavenlyma_gh,7140,thesandwichvibe_1stavegourmetde_ue,7140,In Range
healthysal_michaelang_gh,10080,healthysaladbar_heavenlymarketi_ue,1439,Out of Range
despicable_1stavegour_gh,6720,despicablewraps_chelseafinefood_ue,10073,Out of Range
thethaikit_plazagourm_gh,4200,thethaikitchenn_newyorkthaigril_ue,600,Out of Range
thesmoothiesava_lincolngourmetd_gh,10080,thesmoothiesava_lincolngourmetd_ue,1439,Out of Range
thegourmet_salsplace_gh,10080,thegourmetburge_omegasaladbarde_ue,1439,Out of Range
firenzepas_sicilianpi_gh,5880,firenzepastaris_plazamarketquee_ue,1439,Out of Range
labellaita_villagecaf_gh,10080,labellaitaliand_plazamarketquee_ue,1439,Out of Range
bigeasesmo_wesamdeli_gh,8400,bigeasesmoothie_citideli_ue,1439,Out of Range
aldoswrapsspot_paninicafe_gh,10080,aldoswrapsspot_paninicafe_ue,1439,Out of Range
josesburritobar_paninicafe_gh,10080,josesburritobar_paninicafe_ue,1439,Out of Range
wondaswra_remedydine_gh,5520,wondaswrapcafe_1upbistro_ue,540,Out of Range
farmergirl_paninigril_gh,8400,farmergirlsalad_paninigrill9371_ue,1439,Out of Range
thepastaco_1upbistro_gh,5580,thepastaco_farmerspizzagri_ue,840,Out of Range
tacoparadi_remedydine_gh,5520,tacoparadiso_1upbistro_ue,5880,Out of Range
kellyspan_villagecaf_gh,10080,kellyspancakeba_plazamarketquee_ue,10073,Out of Range
indiasqui_vbiryaniz_gh,5040,indiasquickbite_marhabaindian_ue,5040,In Range
cheesecake_lincolngou_gh,7995,cheesecake_frescopizz_ue,5550,Out of Range
nysfinesthotdog_chelseapapaya_gh,10080,nysfinesthotdog_chelseapapaya_ue,10073,Out of Range
palaceindo_gaters_gh,5040,palaceindochnes_marhabaindian_ue,5040,In Range
wondaswra_remedydine_gh,5520,wondaswrapcafe_1upbistro_ue,5880,Out of Range
cheesecake_michaelang_gh,10080,cheesecakeandde_heavenlymarketi_ue,1439,Out of Range
firenzepas_frescopizz_gh,6480,firenzepastaris_classicpizza_ue,360,Out of Range
thebreakfa_chelseafin_gh,5640,thebreakfastsno_saranbrothersll_ue,5220,Out of Range
fionasbre_seaportdel_gh,5880,fionasbreakfast_1upbistro_ue,5880,In Range
theburgert_olivesorga_gh,7560,theburgertrilog_allnitepizza_ue,839,Out of Range
luigispas_chelseapap_gh,10080,luigispastarist_paninicafe_ue,1439,Out of Range
thepastaco_wesamdeli_gh,6480,thepastaco_headlinesdiner_ue,,Out of Range
thesaladgo_mrpizzama_gh,6000,thesaladgod_salsplacedeligr_ue,1439,Out of Range
halallambg_citideli_gh,7525,halallambgyrosp_hudsonmarketpla_ue,1439,Out of Range
doughboyss_1stavegour_gh,8400,doughboyssandwi_goldstreetmarke_ue,1439,Out of Range
holygrailo_chelseafin_gh,8400,holygrailomelet_goldstreetmarke_ue,1439,Out of Range
theburritobae_princedelimarke_gh,9090,theburritobae_princedelimarke_ue,1439,Out of Range
italianpan_paninicafe_gh,5460,italianpaniniba_villagecafegril_ue,4860,Out of Range
bosscatbur_1stavegour_gh,10080,bosscatburgers_goldstreetmarke_ue,7560,Out of Range
brooksicec_olivesorga_gh,5880,brooksicecreamp_allnitepizza_ue,840,Out of Range
shawarmaka_tlkitche_gh,4200,shawarmakababho_gaters_ue,5040,Out of Range
marysbagelbar_princedelimarke_gh,10080,marysbagelbar_princedelimarke_ue,8460,Out of Range
littleitalyscal_frescopizzagril_gh,7995,littleital_frescopizz_ue,5550,Out of Range
hellagoodc_paninicafe_gh,6720,hellagoodchicke_villagecafegril_ue,960,Out of Range
alisgyrolab_frescopizzagril_gh,7995,alisgyrol_frescopizz_ue,5550,Out of Range
theburgerc_tlkitche_gh,4200,theburgerco_gaters_ue,5040,Out of Range
albertosh_wesamdeli_gh,7980,albertosherosan_citideli_ue,10073,Out of Range
charlieschickenwings_michaelang_gh,7560,charlieschicken_heavenlymarketi_ue,1439,Out of Range
labellaita_heavenlyma_gh,7140,labellaitaliand_1stavegourmetde_ue,7140,In Range
thesaladpr_citideli_gh,8400,thesaladprince_hudsonmarketpla_ue,1439,Out of Range
generalsf_remedydine_gh,5520,generalsfrencht_1upbistro_ue,5880,Out of Range
thechicken_tlkitche_gh,4620,thechickendream_gaters_ue,600,Out of Range
halalgyrol_michaelang_gh,10080,halalgyrolab_heavenlymarketi_ue,1439,Out of Range
theitalian_bigfamousd_gh,1050,theitalianpizza_modenapizzaicec_ue,900,Out of Range
firstlight_paninigril_gh,10080,firstlightbreak_remedydiner_ue,1439,Out of Range
friedchick_omegasalad_gh,10080,friedchickensav_remedydiner_ue,1439,Out of Range
charliescwings_villagecaf_gh,10080,charlieschicken_sicilianpizzabr_ue,10073,Out of Range
samsscrum_marhabaind_gh,3930,samsscrumptious_milanspizzeriap_ue,900,Out of Range
wonkassmoothieb_princedelimarke_gh,10080,wonkassmoothieb_princedelimarke_ue,1439,Out of Range
thesmoothiesava_lincolngourmetd_gh,10080,thesmoothiesava_lincolngourmetd_ue,10073,Out of Range
highlifeco_remedydine_gh,8400,highlifecoffees_seaportdeli_ue,10073,Out of Range
bigdaddyswings_frescopizzagril_gh,7995,bigdaddys_frescopizz_ue,5550,Out of Range
halalpastaloung_frescopizzagril_gh,7995,halalpasta_frescopizz_ue,5550,Out of Range
addictiveburger_princedelimarke_gh,10080,addictiveburger_princedelimarke_ue,8460,Out of Range
indiasqui_goldstreet_gh,4194,indiasquickbite_canteendesidhab_ue,3116,Out of Range
twohandbur_sicilianpi_gh,5040,twohandburger_sicilianpizzabr_ue,720,Out of Range
bensbuffa_olivesorga_gh,840,bensbuffalowing_allnitepizza_ue,5880,Out of Range
thesmoothi_omegasalad_gh,8400,thesmoothiesque_paninigrill9371_ue,1439,Out of Range
breakfastb_omegasalad_gh,10080,breakfastburrit_paninigrill9371_ue,10073,Out of Range
samsscrum_hudsonmark_gh,6600,samsscrumptious_sicilianpizzapa_ue,10073,Out of Range
juliasjui_eastsidede_gh,20160,juliasjuiceshac_bigfamousdeligr_ue,10073,Out of Range
maryschic_remedydine_gh,5520,maryschickensan_1upbistro_ue,5880,Out of Range
thefarmers_villagecaf_gh,10080,thefarmerssalad_plazamarketquee_ue,10073,Out of Range
chickennfr_wesamdeli_gh,7980,chickennfries_citideli_ue,10073,Out of Range
phillychee_greenolive_gh,6720,phillycheeseste_salsplacedeligr_ue,960,Out of Range
theburgerh_theorigina_gh,7140,theburgerhole_plazagourmetdel_ue,7140,In Range
amandasbr_headlinesd_gh,6600,amandasbreakfas_sicilianpizzapa_ue,10073,Out of Range
joeschicke_plazamarke_gh,7140,joeschickenandw_wesamdeli_ue,1080,Out of Range
famousgyro_mrpizzama_gh,20160,famousgyrobar_bigfamousdeligr_ue,10073,Out of Range
chrisschi_olivesorga_gh,5880,chrisschickente_allnitepizza_ue,1080,Out of Range
thefrenchtoastf_princedelimarke_gh,9090,thefrenchtoastf_princedelimarke_ue,8460,Out of Range
birdsburg_paninigril_gh,7560,birdsburgerbar_seaportdeli_ue,1439,Out of Range
theacaista_allnitepiz_gh,6450,theacaistation_eastsidedeli_ue,930,Out of Range
mariositalianri_lincolngourmetd_gh,10080,mariositalianri_lincolngourmetd_ue,1439,Out of Range
thesaladsn_sicilianpi_gh,10080,thesaladsnob_sicilianpizzabr_ue,1439,Out of Range
charliescco_villagecaf_gh,10080,charliescalzone_sicilianpizzabr_ue,1439,Out of Range
philadelphiache_princedelimarke_gh,10080,philadelphiache_princedelimarke_ue,1439,Out of Range
theamericanchee_princedelimarke_gh,9090,theamericanchee_princedelimarke_ue,1439,Out of Range
phillychee_goldstreet_gh,5880,phillycheeseste_saranbrothersll_ue,870,Out of Range
antoniosq_wesamdeli_gh,7980,antoniosquesadi_citideli_ue,10073,Out of Range
theburgertrilog_lincolngourmetd_gh,10080,theburgertrilog_lincolngourmetd_ue,10073,Out of Range
kamalsveg_newyorktha_gh,5040,kamalsvegetaria_marhabaindian_ue,720,Out of Range
antoniosq_paninicafe_gh,5310,antoniosquesadi_villagecafegril_ue,4860,Out of Range
themexican_omegasalad_gh,10080,themexicancocin_paninigrill9371_ue,10073,Out of Range
sarahsbre_wesamdeli_gh,7770,sarahsbreakfast_citideli_ue,1439,Out of Range
bradsbuffalowin_chelseapapaya_gh,10080,bradsbuffalowin_chelseapapaya_ue,10073,Out of Range
bainsburg_citideli_gh,6480,bainsburgerbar_headlinesdiner_ue,1439,Out of Range
celebrityveganb_frescopizzagril_gh,7995,celebrityv_frescopizz_ue,5550,Out of Range
nancysgri_michaelang_gh,10080,nancysgrilledch_heavenlymarketi_ue,1439,Out of Range
joeschicke_olivesorga_gh,840,joeschickenandw_allnitepizza_ue,5880,Out of Range
planeteart_seaportdel_gh,4920,planetearthsala_albashasubsdear_ue,3840,Out of Range
thesaladdr_headlinesd_gh,10080,thesaladdream_sicilianpizzapa_ue,10073,Out of Range
thechopped_bigfamousd_gh,7350,thechoppedsalad_omegasaladbarde_ue,6930,Out of Range
thevillage_greenolive_gh,6720,thevillagesmoot_salsplacedeligr_ue,6720,In Range
thevalleyg_canteendes_gh,10080,thevalleygyrosp_americanchoiceg_ue,10073,Out of Range
toastnroas_wesamdeli_gh,10080,toastnroastbrea_citideli_ue,1439,Out of Range
shawarmaka_tlkitche_gh,4200,shawarmakababho_gaters_ue,600,Out of Range
phillychee_greenolive_gh,6720,phillycheeseste_salsplacedeligr_ue,1439,Out of Range
thebreakfastsno_chelseapapaya_gh,10080,thebreakfastsno_chelseapapaya_ue,1439,Out of Range
littleitalyscal_frescopizzagril_gh,7995,littleital_frescopizz_ue,1140,Out of Range
palmtreeac_1upbistro_gh,10080,palmtreeacai_plazagourmetdel_ue,1439,Out of Range
smoothiean_paninigril_gh,10080,smoothieanddess_seaportdeli_ue,10073,Out of Range
fionasbre_citideli_gh,6480,fionasbreakfast_headlinesdiner_ue,4800,Out of Range
labellaita_villagecaf_gh,10080,labellaitaliand_plazamarketquee_ue,10073,Out of Range
johnspizz_sicilianpi_gh,6660,johnspizzaden_michaelangelosp_ue,5100,Out of Range
bombayseaf_goldstreet_gh,4920,bombayseafoodgr_canteendesidhab_ue,3120,Out of Range
planeteart_miyucatan_gh,7560,planetearthsala_lemontreegourme_ue,10073,Out of Range
salssmoot_bigfamousd_gh,10080,salssmoothiespo_omegasaladbarde_ue,1050,Out of Range
fionasult_1upbistro_gh,10080,fionasultimatew_plazagourmetdel_ue,7140,Out of Range
indiasquickbite_desideli_gh,7560,indiasquickbite_desideli_ue,10073,Out of Range
chickenastender_chelseapapaya_gh,10080,chickenastender_chelseapapaya_ue,10073,Out of Range
mightygril_salsplace_gh,7560,mightygrilledch_bigfamousdeligr_ue,10073,Out of Range
twohandbur_plazamarke_gh,10080,twohandburger_plazamarketquee_ue,10073,Out of Range
icecreamfa_olivesorga_gh,7140,icecreamfanatic_allnitepizza_ue,5880,Out of Range
halalgyrol_eastsidede_gh,7560,halalgyrolab_bigfamousdeligr_ue,10073,Out of Range
rjsphilly_paninicafe_gh,5460,rjsphillycheese_villagecafegril_ue,4860,Out of Range
dannysdesserts_classicpizza_gh,6480,dannysdesserts_classicpizza_ue,1800,Out of Range
heavensbu_plazamarke_gh,7560,heavensburgers_wesamdeli_ue,7140,Out of Range
thechicken_sicilianpi_gh,5670,thechickenaffai_mariothebaker_ue,810,Out of Range
smoothiean_citideli_gh,10080,smoothieanddess_hudsonmarketpla_ue,10073,Out of Range
richmonds_originalpi_gh,7860,richmondsburger_olivesorganicma_ue,1140,Out of Range
divyasdum_tlkitche_gh,5070,divyasdumbiryan_marhabaindian_ue,5040,Out of Range
indianchickensnob_goldstreet_gh,4200,indianchickensn_canteendesidhab_ue,390,Out of Range
hydesgril_miyucatan_gh,10080,hydesgrilledche_lemontreegourme_ue,1439,Out of Range
thejuiceaf_paninicafe_gh,5460,thejuiceaffair_villagecafegril_ue,630,Out of Range
thesmoothi_marhabaind_gh,7560,thesmoothiesque_lemontreegourme_ue,10073,Out of Range
thejuiceaf_remedydine_gh,5640,thejuiceaffair_1upbistro_ue,5880,Out of Range
thepastatw_bigfamousd_gh,6300,thepastatwins_modenapizzaicec_ue,6720,Out of Range
marysbreakfastb_princedelimarke_gh,10080,marysbreakfastb_princedelimarke_ue,8460,Out of Range
palmtreeac_1upbistro_gh,10080,palmtreeacai_plazagourmetdel_ue,7140,Out of Range
highlifepi_marhabaind_gh,6300,highlifepizzas_milanspizzeriap_ue,900,Out of Range
citylifebr_salsplace_gh,8400,citylifebreakfa_bigfamousdeligr_ue,1439,Out of Range
stellaspa_plazamarke_gh,7560,stellaspancakeb_wesamdeli_ue,7140,Out of Range
patricias_originalpi_gh,8400,patriciaspanini_olivesorganicma_ue,8400,In Range
theicecrea_omegasalad_gh,10080,theicecreamlab_paninigrill9371_ue,1439,Out of Range
grandpaso_citideli_gh,6480,grandpasomelett_headlinesdiner_ue,4800,Out of Range
pennyspan_michaelang_gh,10080,pennyspancakes_heavenlymarketi_ue,1439,Out of Range
nyburgerspot25c_chelseapapaya_gh,10080,nyburgerspot25c_chelseapapaya_ue,1439,Out of Range
constantin_canteendes_gh,8400,constantinopleb_olivesorganicma_ue,8400,In Range
theshawarm_1stavegour_gh,10080,theshawarmabar_goldstreetmarke_ue,7560,Out of Range
charliesc_greenolive_gh,6720,charlieschicken_salsplacedeligr_ue,960,Out of Range
homerunpan_milanspiz_gh,7560,homerunpaninis_lemontreegourme_ue,1079,Out of Range
thedessert_originalpi_gh,7560,thedessertshack_olivesorganicma_ue,1200,Out of Range
grilledche_headlinesd_gh,8400,grilledcheeseec_hudsonmarketpla_ue,1439,Out of Range
scottysba_gaters_gh,5640,scottysbagelexp_miyucatan_ue,780,Out of Range
thepizzaobsessi_daddysdelights_gh,5820,thepizzaobsessi_daddysdelights_ue,480,Out of Range
gourmetome_wesamdeli_gh,10080,gourmetomelette_citideli_ue,1439,Out of Range
theburgerh_olivesorga_gh,7140,theburgerhole_allnitepizza_ue,1080,Out of Range
thesaladsn_bigfamousd_gh,1050,thesaladsnob_modenapizzaicec_ue,900,Out of Range
halalgyroo_plazamarke_gh,7560,halalgyrooverri_wesamdeli_ue,7560,In Range
gloriouspa_originalpi_gh,7860,gloriouspaninis_olivesorganicma_ue,1140,Out of Range
nybreakfas_allnitepiz_gh,6330,nybreakfastspot_eastsidedeli_ue,930,Out of Range
littleitalyscal_classicpizza_gh,6480,littleitalyscal_classicpizza_ue,900,Out of Range
bbqribsco_chelseafin_gh,5640,bbqribsco_saranbrothersll_ue,870,Out of Range
charliesc_sicilianpi_gh,6300,charliescalzone_michaelangelosp_ue,6120,Out of Range
thesaladsn_bigfamousd_gh,1050,thesaladsnob_modenapizzaicec_ue,960,Out of Range
slapjackpa_sicilianpi_gh,10080,slapjackpancake_plazamarketquee_ue,1439,Out of Range
lucasphillychee_chelseapapaya_gh,10080,lucasphillychee_chelseapapaya_ue,10073,Out of Range
thelooseju_gaters_gh,4830,theloosejuice_miyucatan_ue,780,Out of Range
wonkassmo_sicilianpi_gh,10080,wonkassmoothieb_plazamarketquee_ue,10073,Out of Range
stansburgerbar_paninicafe_gh,10080,stansburgerbar_paninicafe_ue,10073,Out of Range
celebrityv_americanch_gh,7140,celebrityveganb_allnitepizza_ue,1020,Out of Range
sarahssala_aladdinsk_gh,9690,sarahssaladbar_chelseafinefood_ue,10073,Out of Range
acaipowerb_salsplace_gh,20160,acaipowerbowls_bigfamousdeligr_ue,719,Out of Range
goldenbear_villagecaf_gh,10080,goldenbearsandw_sicilianpizzabr_ue,720,Out of Range
mariasita_omegasalad_gh,10080,mariasitalianme_paninigrill9371_ue,10073,Out of Range
carmensbreakfas_paninicafe_gh,8400,carmensbreakfas_paninicafe_ue,1439,Out of Range
fionasbreakfast_paninicafe_gh,7560,fionasbreakfast_paninicafe_ue,1439,Out of Range
mariasita_omegasalad_gh,10080,mariasitalianme_paninigrill9371_ue,1439,Out of Range
genosglut_sicilianpi_gh,6300,genosglutenfree_michaelangelosp_ue,600,Out of Range
angelinos_originalpi_gh,8400,angelinosbreakf_olivesorganicma_ue,1140,Out of Range
lucasphillychee_chelseapapaya_gh,10080,lucasphillychee_chelseapapaya_ue,1439,Out of Range
saucyhalalwings_frescopizzagril_gh,8100,saucyhalal_frescopizz_ue,1140,Out of Range
theshawarmabar_frescopizzagril_gh,7995,theshawarmabar_frescopizz_ue,1140,Out of Range
fallonsfriedchi_classicpizza_gh,4920,fallonsfriedchi_classicpizza_ue,900,Out of Range
marysbreakfastb_princedelimarke_gh,10080,marysbreakfastb_princedelimarke_ue,1439,Out of Range
italiandes_bigfamousd_gh,6930,italiandesserts_omegasaladbarde_ue,1439,Out of Range
sincitybur_salsplace_gh,7560,sincityburgersp_bigfamousdeligr_ue,10073,Out of Range
mariositalianri_lincolngourmetd_gh,10080,mariositalianri_lincolngourmetd_ue,10073,Out of Range
nehasindi_vbiryaniz_gh,5040,nehasindianrest_marhabaindian_ue,5040,In Range
hydesgril_miyucatan_gh,10080,hydesgrilledche_lemontreegourme_ue,10073,Out of Range
freshnfrui_originalpi_gh,7440,freshnfruitysmo_olivesorganicma_ue,1200,Out of Range
amandasbr_sicilianpi_gh,5880,amandasbreakfas_plazamarketquee_ue,5033,Out of Range
farmergirl_remedydine_gh,10080,farmergirlsalad_remedydiner_ue,10073,Out of Range
thepastaco_1upbistro_gh,5580,thepastaco_farmerspizzagri_ue,780,Out of Range
thepastast_sicilianpi_gh,5880,thepastastory_plazamarketquee_ue,1439,Out of Range
thesaladsnob_classicpizza_gh,5400,thesaladsnob_classicpizza_ue,4680,Out of Range
thesaladsn_villagecaf_gh,5310,thesaladsnob_villagecafegril_ue,4860,Out of Range
theindiant_goldstreet_gh,4200,theindiantandoo_canteendesidhab_ue,390,Out of Range
thesaladgod_daddysdelights_gh,6000,thesaladgod_daddysdelights_ue,480,Out of Range
beemansbu_wesamdeli_gh,8400,beemansburgerba_citideli_ue,1439,Out of Range
butterchic_goldstreet_gh,4260,butterchickensn_canteendesidhab_ue,390,Out of Range
princesspanini_paninicafe_gh,7560,princesspanini_paninicafe_ue,1439,Out of Range
arifsmedit_mrpizzama_gh,7560,arifsmediterran_salsplacedeligr_ue,1439,Out of Range
bigeasesmo_milanspiz_gh,7560,bigeasesmoothie_lemontreegourme_ue,1439,Out of Range
addictiveburger_princedelimarke_gh,10080,addictiveburger_princedelimarke_ue,1439,Out of Range
thedessert_originalpi_gh,7560,thedessertshack_olivesorganicma_ue,1140,Out of Range
daynnightp_paninigril_gh,10080,daynnightpancak_remedydiner_ue,1439,Out of Range
fionasbre_seaportdel_gh,5880,fionasbreakfast_1upbistro_ue,540,Out of Range
theindiant_goldstreet_gh,4200,theindiantandoo_canteendesidhab_ue,3120,Out of Range
thesaladsn_tlkitche_gh,4260,thesaladsnob_gaters_ue,720,Out of Range
fionasbreakfast_paninicafe_gh,7560,fionasbreakfast_paninicafe_ue,10073,Out of Range
papaspani_1stavegour_gh,10080,papaspanini_goldstreetmarke_ue,7560,Out of Range
friedchick_mrpizzama_gh,10080,friedchickenco_salsplacedeligr_ue,720,Out of Range
pardonmypa_headlinesd_gh,6480,pardonmypanini_headlinesdiner_ue,4800,Out of Range
classiccheesebu_classicpizza_gh,6480,classiccheesebu_classicpizza_ue,4680,Out of Range
palmtreeju_1upbistro_gh,3060,palmtreejuiceba_farmerspizzagri_ue,780,Out of Range
thepastatw_heavenlyma_gh,10080,thepastatwins_chelseafinefood_ue,10073,Out of Range
nyburgerspot25c_chelseapapaya_gh,10080,nyburgerspot25c_chelseapapaya_ue,10073,Out of Range
thegyrospo_1upbistro_gh,5040,thegyrospot_farmerspizzagri_ue,5040,In Range
dannysdes_plazamarke_gh,6090,dannysdesserts_crosstowndinerc_ue,870,Out of Range
thecheeseb_bigfamousd_gh,10080,thecheeseburger_omegasaladbarde_ue,1439,Out of Range
thegyrosno_bigfamousd_gh,6720,thegyrosnob_omegasaladbarde_ue,1439,Out of Range
thebreakfa_chelseafin_gh,5640,thebreakfastsno_saranbrothersll_ue,870,Out of Range
generalsf_remedydine_gh,5520,generalsfrencht_1upbistro_ue,540,Out of Range
joeschicke_olivesorga_gh,840,joeschickenandw_allnitepizza_ue,1080,Out of Range
phillychee_hudsonmark_gh,7020,phillycheeseste_michaelangelosp_ue,600,Out of Range
theburgert_greenolive_gh,6720,theburgertrilog_salsplacedeligr_ue,1439,Out of Range
thepastast_allnitepiz_gh,6330,thepastastory_eastsidedeli_ue,930,Out of Range
perryspizzaparl_frescopizzagril_gh,7995,perryspiz_frescopizz_ue,1140,Out of Range
constantin_canteendes_gh,8400,constantinopleb_olivesorganicma_ue,1140,Out of Range
marysbagelbar_princedelimarke_gh,10080,marysbagelbar_princedelimarke_ue,1439,Out of Range
bbqribsco_chelseafin_gh,5640,bbqribsco_saranbrothersll_ue,5220,Out of Range
breakfastb_villagecaf_gh,10080,breakfastburrit_plazamarketquee_ue,10073,Out of Range
breakfastb_americanch_gh,5400,breakfastburrit_mrpizzaman_ue,720,Out of Range
pressedonp_allnitepiz_gh,6480,pressedonpanini_eastsidedeli_ue,960,Out of Range
amoreitaliandes_princedelimarke_gh,6750,amoreitaliandes_princedelimarke_ue,8460,Out of Range
crispyfala_tlkitche_gh,4620,crispyfalafella_gaters_ue,5040,Out of Range
angelinos_originalpi_gh,8400,angelinosbreakf_olivesorganicma_ue,7200,Out of Range
topnotchsa_miyucatan_gh,10080,topnotchsandwic_lemontreegourme_ue,10073,Out of Range
fatcheeses_headlinesd_gh,10080,fatcheesesteaks_sicilianpizzapa_ue,10073,Out of Range
alfredosparmigi_frescopizzagril_gh,7995,alfredosp_frescopizz_ue,5550,Out of Range
chrisschi_olivesorga_gh,5880,chrisschickente_allnitepizza_ue,840,Out of Range
pennyschickente_chelseapapaya_gh,10080,pennyschickente_chelseapapaya_ue,10073,Out of Range
greenssala_olivesorga_gh,7560,greenssaladgod_allnitepizza_ue,10073,Out of Range
theomelett_heavenlyma_gh,7140,theomelettefarm_1stavegourmetde_ue,7140,In Range
saladkreat_mrpizzama_gh,7560,saladkreation_salsplacedeligr_ue,5280,Out of Range
thesaladsnob_classicpizza_gh,5400,thesaladsnob_classicpizza_ue,900,Out of Range
wrapsontap_tlkitche_gh,4620,wrapsontap_gaters_ue,600,Out of Range
mollyschi_villagecaf_gh,10080,mollyschickenwi_plazamarketquee_ue,1439,Out of Range
famousgyro_bigfamousd_gh,8400,famousgyrobar_omegasaladbarde_ue,1439,Out of Range
padthaisno_goldstreet_gh,3825,padthaisnob_canteendesidhab_ue,390,Out of Range
healthysal_chelseafin_gh,5640,healthysaladbar_saranbrothersll_ue,870,Out of Range
midtownque_chelseafin_gh,5640,midtownquesadil_saranbrothersll_ue,870,Out of Range
smoothiean_citideli_gh,10080,smoothieanddess_hudsonmarketpla_ue,1439,Out of Range
icecreamfa_olivesorga_gh,7140,icecreamfanatic_allnitepizza_ue,1080,Out of Range
salvatore_bigfamousd_gh,6300,salvatoresparmi_modenapizzaicec_ue,900,Out of Range
generalsf_palacerest_gh,7560,generalsfrencht_wesamdeli_ue,7560,In Range
farmersmar_lincolngou_gh,4410,farmersmar_frescopizz_ue,1140,Out of Range
halalkabob_heavenlyma_gh,7680,halalkabobgrill_aladdinskitchen_ue,1080,Out of Range
midtownque_paninicafe_gh,5460,midtownquesadil_villagecafegril_ue,4860,Out of Range
mollyschi_villagecaf_gh,10080,mollyschickenwi_plazamarketquee_ue,10073,Out of Range
theministe_chelseafin_gh,5880,theministerwrap_saranbrothersll_ue,5220,Out of Range
chickensal_1stavegour_gh,8400,chickensaladbar_goldstreetmarke_ue,1439,Out of Range
chucksche_canteendes_gh,6300,chuckscheeseste_americanchoiceg_ue,10073,Out of Range
alishalal_olivesorga_gh,5880,alishalalpizza_allnitepizza_ue,5873,Out of Range
phillychee_americanch_gh,5190,phillycheeseste_mrpizzaman_ue,720,Out of Range
finishline_frescopizz_gh,6480,finishlineburge_classicpizza_ue,4680,Out of Range
friedchick_villagecaf_gh,10080,friedchickenco_sicilianpizzabr_ue,5040,Out of Range
crispytenderssh_chelseapapaya_gh,10080,crispytenderssh_chelseapapaya_ue,10073,Out of Range
thepancakesnob_heavenlyma_gh,7140,thepancakesnob_1stavegourmetde_ue,1140,Out of Range
classicitalianp_classicpizza_gh,3480,classicitalianp_classicpizza_ue,4680,Out of Range
persiangyr_tlkitche_gh,4620,persiangyrobar_gaters_ue,5040,Out of Range
amandasbr_sicilianpi_gh,5880,amandasbreakfas_plazamarketquee_ue,1439,Out of Range
chinesein_goldstreet_gh,3825,chineseindianfu_canteendesidhab_ue,390,Out of Range
dannysdes_chelseafin_gh,5640,dannysdesserts_saranbrothersll_ue,870,Out of Range
janesjuic_mariotheba_gh,7560,janesjuicebar_heavenlymarketi_ue,1439,Out of Range
theomelett_heavenlyma_gh,7140,theomelettefarm_1stavegourmetde_ue,1080,Out of Range
johnspizz_sicilianpi_gh,6660,johnspizzaden_michaelangelosp_ue,600,Out of Range
thevillage_greenolive_gh,6720,thevillagesmoot_salsplacedeligr_ue,1439,Out of Range
devilsburgerbar_princedelimarke_gh,9090,devilsburgerbar_princedelimarke_ue,1439,Out of Range
oliviassa_paninigril_gh,10080,oliviassandwich_seaportdeli_ue,1439,Out of Range
morningseafoodc_chelseapapaya_gh,10080,morningseafoodc_chelseapapaya_ue,1439,Out of Range
bartsburg_paninicafe_gh,5460,bartsburgerbar_villagecafegril_ue,630,Out of Range
devilsbur_allnitepiz_gh,4140,devilsburgerbar_mrpizzaman_ue,780,Out of Range
jasminsco_1stavegour_gh,8400,jasminscoffeeba_goldstreetmarke_ue,1439,Out of Range
strictlyve_bigfamousd_gh,8400,strictlyvegetar_omegasaladbarde_ue,6930,Out of Range
sicilysca_sicilianpi_gh,5670,sicilyscalzoneh_mariothebaker_ue,809,Out of Range
theburgerb_marhabaind_gh,3930,theburgerbae_milanspizzeriap_ue,870,Out of Range
theburgerp_bigfamousd_gh,8400,theburgerpassio_omegasaladbarde_ue,6930,Out of Range
brooklyns_remedydine_gh,10080,brooklynsbreakf_seaportdeli_ue,10073,Out of Range
theburgerblade_citideli_gh,10080,theburgerblade_hudsonmarketpla_ue,10073,Out of Range
theomelettefarm_paninicafe_gh,10080,theomelettefarm_paninicafe_ue,10073,Out of Range
mariosita_marhabaind_gh,6300,mariositalianri_milanspizzeriap_ue,900,Out of Range
thecheeseb_bigfamousd_gh,10080,thecheeseburger_omegasaladbarde_ue,6930,Out of Range
firenzepas_sicilianpi_gh,5880,firenzepastaris_plazamarketquee_ue,5033,Out of Range
nybreakfas_originalpi_gh,7860,nybreakfastspot_olivesorganicma_ue,1200,Out of Range
martyswra_salsplace_gh,8400,martyswrapsshac_bigfamousdeligr_ue,1439,Out of Range
farmersmar_lincolngou_gh,4410,farmersmar_frescopizz_ue,5550,Out of Range
antoniosq_allnitepiz_gh,4140,antoniosquesadi_mrpizzaman_ue,690,Out of Range
breakfastb_plazamarke_gh,6090,breakfastburrit_crosstowndinerc_ue,870,Out of Range
kellyspan_villagecaf_gh,10080,kellyspancakeba_plazamarketquee_ue,1439,Out of Range
thesandwic_citideli_gh,6480,thesandwichcafe_headlinesdiner_ue,960,Out of Range
theomelett_seaportdel_gh,5880,theomelettefarm_1upbistro_ue,540,Out of Range
wonderland_1upbistro_gh,3060,wonderlandwraps_farmerspizzagri_ue,840,Out of Range
planeteart_miyucatan_gh,7560,planetearthsala_lemontreegourme_ue,1439,Out of Range
bigeasesmo_palacerest_gh,7560,bigeasesmoothie_wesamdeli_ue,7560,In Range
italiandes_paninigril_gh,10080,italiandesserts_seaportdeli_ue,1439,Out of Range
morningsea_paninigril_gh,7560,morningseafoodc_remedydiner_ue,1439,Out of Range
primapaninibar_lincolngourmetd_gh,10080,primapaninibar_lincolngourmetd_ue,1439,Out of Range
suzanness_miyucatan_gh,7560,suzannessubsand_lemontreegourme_ue,1439,Out of Range
butterchic_goldstreet_gh,4260,butterchickensn_canteendesidhab_ue,3120,Out of Range
theburgerc_headlinesd_gh,10080,theburgerco_sicilianpizzapa_ue,10073,Out of Range
martyswra_1stavegour_gh,8400,martyswrapsshac_goldstreetmarke_ue,1439,Out of Range
burritolov_gaters_gh,5640,burritoloversba_miyucatan_ue,780,Out of Range
hilltopsan_modenapizz_gh,6090,hilltopsandwich_modenapizzaicec_ue,870,Out of Range
frenchomel_originalpi_gh,7860,frenchomeletteb_olivesorganicma_ue,1200,Out of Range
themontage_heavenlyma_gh,7575,themontageveget_aladdinskitchen_ue,7455,Out of Range
thegourmet_salsplace_gh,10080,thegourmetburge_omegasaladbarde_ue,6930,Out of Range
bageldynas_miyucatan_gh,10080,bageldynasty_lemontreegourme_ue,10073,Out of Range
leescoffe_sicilianpi_gh,5880,leescoffeetea_plazamarketquee_ue,1439,Out of Range
daynnightp_paninigril_gh,10080,daynnightpancak_remedydiner_ue,10073,Out of Range
janesjuic_heavenlyma_gh,10080,janesjuicebar_chelseafinefood_ue,1049,Out of Range
thepastatw_heavenlyma_gh,10080,thepastatwins_chelseafinefood_ue,1049,Out of Range
highlifepi_1upbistro_gh,5580,highlifepizzas_farmerspizzagri_ue,840,Out of Range
bigbellypa_miyucatan_gh,10080,bigbellypaninis_lemontreegourme_ue,1439,Out of Range
espressoco_marhabaind_gh,10080,espressocoffeee_lemontreegourme_ue,1439,Out of Range
theburgertrilog_lincolngourmetd_gh,10080,theburgertrilog_lincolngourmetd_ue,1439,Out of Range
princesspa_heavenlyma_gh,7140,princesspanini_1stavegourmetde_ue,1080,Out of Range
wonderland_canteendes_gh,10080,wonderlandwraps_americanchoiceg_ue,10073,Out of Range
themontage_miyucatan_gh,7980,themontageveget_lemontreegourme_ue,10073,Out of Range
thesmoothe_remedydine_gh,5880,thesmootheaze_1upbistro_ue,5880,In Range
bosscatbreakfas_lincolngourmetd_gh,10080,bosscatbreakfas_lincolngourmetd_ue,10073,Out of Range
thepancakespot_heavenlyma_gh,10080,thepancakespot_chelseafinefood_ue,10073,Out of Range
thesaladgod_daddysdelights_gh,6000,thesaladgod_daddysdelights_ue,900,Out of Range
dannysdes_plazamarke_gh,6090,dannysdesserts_crosstowndinerc_ue,6090,In Range
slapjackpa_palacerest_gh,7560,slapjackpancake_wesamdeli_ue,7140,Out of Range
fatcheesesteaks_classicpizza_gh,6480,fatcheesesteaks_classicpizza_ue,1800,Out of Range
prosperous_olivesorga_gh,8820,prosperousfried_americanchoiceg_ue,10073,Out of Range
thejuiceaf_remedydine_gh,5640,thejuiceaffair_1upbistro_ue,540,Out of Range
charliesc_hudsonmark_gh,6300,charlieschicken_michaelangelosp_ue,600,Out of Range
chrisschi_hudsonmark_gh,6300,chrisschickente_michaelangelosp_ue,600,Out of Range
thegyrobar_greenolive_gh,10080,thegyrobar_salsplacedeligr_ue,1439,Out of Range
thepancake_miyucatan_gh,7980,thepancakehero_lemontreegourme_ue,1439,Out of Range
pennyschickente_chelseapapaya_gh,10080,pennyschickente_chelseapapaya_ue,1439,Out of Range
alisgyrolab_frescopizzagril_gh,7995,alisgyrol_frescopizz_ue,1140,Out of Range
bennysbuffalowi_classicpizza_gh,6480,bennysbuffalowi_classicpizza_ue,900,Out of Range
halalgyroo_plazamarke_gh,7560,halalgyrooverri_wesamdeli_ue,7140,Out of Range
italiandes_bigfamousd_gh,6930,italiandesserts_omegasaladbarde_ue,6930,In Range
theburgerj_hudsonmark_gh,6000,theburgerjoint_michaelangelosp_ue,1020,Out of Range
amoreitali_hudsonmark_gh,6600,amoreitaliandes_sicilianpizzapa_ue,10073,Out of Range
devilsburgerbar_princedelimarke_gh,9090,devilsburgerbar_princedelimarke_ue,8460,Out of Range
toastnroas_wesamdeli_gh,10080,toastnroastbrea_citideli_ue,10073,Out of Range
addictivef_olivesorga_gh,7140,addictivefriedc_allnitepizza_ue,5880,Out of Range
romanspiz_allnitepiz_gh,5400,romanspizzaoven_mrpizzaman_ue,720,Out of Range
dripcheckc_sicilianpi_gh,5880,dripcheckcoffee_plazamarketquee_ue,5033,Out of Range
thesaladdr_allnitepiz_gh,5400,thesaladdream_mrpizzaman_ue,720,Out of Range
sincityburgersp_daddysdelights_gh,5640,sincityburgersp_daddysdelights_ue,480,Out of Range
herosandwi_michaelang_gh,10080,herosandwichsho_heavenlymarketi_ue,1439,Out of Range
tacoparadi_remedydine_gh,5520,tacoparadiso_1upbistro_ue,540,Out of Range
heavensbu_plazamarke_gh,7560,heavensburgers_wesamdeli_ue,7560,In Range
oliviasbr_paninicafe_gh,5310,oliviasbreakfas_villagecafegril_ue,630,Out of Range
classiccheesebu_classicpizza_gh,6480,classiccheesebu_classicpizza_ue,900,Out of Range
nehasindi_vbiryaniz_gh,5040,nehasindianrest_marhabaindian_ue,720,Out of Range
thepancake_miyucatan_gh,7980,thepancakehero_lemontreegourme_ue,10073,Out of Range
alyssasdes_marhabaind_gh,10080,alyssasdessertb_lemontreegourme_ue,10073,Out of Range
perryspizzaparl_frescopizzagril_gh,7995,perryspiz_frescopizz_ue,5550,Out of Range
rjsphilly_1stavegour_gh,10080,rjsphillycheese_goldstreetmarke_ue,7560,Out of Range
bombayseaf_tlkitche_gh,5040,bombayseafoodgr_marhabaindian_ue,5040,In Range
theburgerb_1upbistro_gh,5640,theburgerblade_farmerspizzagri_ue,840,Out of Range
angeloswr_paninigril_gh,10080,angeloswrapssho_seaportdeli_ue,1439,Out of Range
oldtownsandwich_chelseapapaya_gh,10080,oldtownsandwich_chelseapapaya_ue,1439,Out of Range
bosscatbreakfas_lincolngourmetd_gh,10080,bosscatbreakfas_lincolngourmetd_ue,1439,Out of Range
twohandbur_sicilianpi_gh,5040,twohandburger_sicilianpizzabr_ue,1439,Out of Range
marysomel_aladdinsk_gh,10080,marysomeletteba_chelseafinefood_ue,1049,Out of Range
dannysdes_1upbistro_gh,3030,dannysdesserts_farmerspizzagri_ue,840,Out of Range
hilltopsan_bigfamousd_gh,10080,hilltopsandwich_omegasaladbarde_ue,1439,Out of Range
alishalal_olivesorga_gh,5880,alishalalpizza_allnitepizza_ue,1080,Out of Range
thegourmet_heavenlyma_gh,7140,thegourmetburge_1stavegourmetde_ue,7140,In Range
devilsbur_allnitepiz_gh,4140,devilsburgerbar_mrpizzaman_ue,690,Out of Range
goldenbear_paninicafe_gh,5310,goldenbearsandw_villagecafegril_ue,4860,Out of Range
thechicken_modenapizz_gh,6090,thechickendream_modenapizzaicec_ue,870,Out of Range
fiestamexi_gaters_gh,5460,fiestamexicansp_miyucatan_ue,780,Out of Range
bartsburg_paninicafe_gh,5460,bartsburgerbar_villagecafegril_ue,4860,Out of Range
cheesecake_eastsidede_gh,7140,cheesecakeandde_bigfamousdeligr_ue,1439,Out of Range
arifsmedit_seaportdel_gh,6390,arifsmediterran_albashasubsdear_ue,960,Out of Range
wondaswra_citideli_gh,6480,wondaswrapcafe_headlinesdiner_ue,960,Out of Range
mollyschi_olivesorga_gh,7560,mollyschickenwi_allnitepizza_ue,1080,Out of Range
thesandwic_greenolive_gh,6720,thesandwichslut_salsplacedeligr_ue,1439,Out of Range
thesmoothi_marhabaind_gh,7560,thesmoothiesque_lemontreegourme_ue,1439,Out of Range
brooklyns_remedydine_gh,10080,brooklynsbreakf_seaportdeli_ue,1439,Out of Range
thebreakfa_plazamarke_gh,7140,thebreakfastdre_wesamdeli_ue,7560,Out of Range
italianpastajoi_daddysdelights_gh,5640,italianpastajoi_daddysdelights_ue,900,Out of Range
famousgyro_bigfamousd_gh,8400,famousgyrobar_omegasaladbarde_ue,6930,Out of Range
palmtreeju_originalpi_gh,8400,palmtreejuiceba_olivesorganicma_ue,8400,In Range
allansche_palacerest_gh,7560,allanscheeseste_wesamdeli_ue,7140,Out of Range
hilltopsan_bigfamousd_gh,10080,hilltopsandwich_omegasaladbarde_ue,6930,Out of Range
theburgerp_bigfamousd_gh,8400,theburgerpassio_omegasaladbarde_ue,1439,Out of Range
thesmoothe_remedydine_gh,5880,thesmootheaze_1upbistro_ue,4200,Out of Range
crispytenderssh_chelseapapaya_gh,10080,crispytenderssh_chelseapapaya_ue,1439,Out of Range
thesaladgod_princedelimarke_gh,9090,thesaladgod_princedelimarke_ue,8460,Out of Range
coffeecrem_originalpi_gh,8400,coffeecremasnob_olivesorganicma_ue,1140,Out of Range
farmergirl_remedydine_gh,10080,farmergirlsalad_remedydiner_ue,1439,Out of Range
icecreamba_1stavegour_gh,10080,icecreambakeryl_goldstreetmarke_ue,1439,Out of Range
celebrityveganb_frescopizzagril_gh,7995,celebrityv_frescopizz_ue,1140,Out of Range
halallambg_citideli_gh,7525,halallambgyrosp_hudsonmarketpla_ue,10073,Out of Range
alyssasdes_bigfamousd_gh,6090,alyssasdessertb_modenapizzaicec_ue,870,Out of Range
arifsmedit_tlkitche_gh,4620,arifsmediterran_gaters_ue,5040,Out of Range
kamalsvegetaria_desideli_gh,8610,kamalsvegetaria_desideli_ue,1079,Out of Range
frenchomel_mariotheba_gh,7560,frenchomeletteb_heavenlymarketi_ue,10073,Out of Range
manhattans_remedydine_gh,5640,manhattansaladb_1upbistro_ue,5880,Out of Range
crispyfala_tlkitche_gh,4620,crispyfalafella_gaters_ue,600,Out of Range
fionasbre_citideli_gh,6480,fionasbreakfast_headlinesdiner_ue,960,Out of Range
theministe_mariotheba_gh,7560,theministerwrap_heavenlymarketi_ue,1439,Out of Range
thehotpanc_originalpi_gh,7440,thehotpancake_olivesorganicma_ue,1140,Out of Range
alfredosparmigi_frescopizzagril_gh,7995,alfredosp_frescopizz_ue,1140,Out of Range
lucasphil_allnitepiz_gh,5400,lucasphillychee_mrpizzaman_ue,780,Out of Range
theburgerb_americanch_gh,5460,theburgerblade_mrpizzaman_ue,780,Out of Range
houseofpan_1upbistro_gh,10080,houseofpaninis_plazagourmetdel_ue,1439,Out of Range
chiefsche_theorigina_gh,7140,chiefscheeseste_plazagourmetdel_ue,1439,Out of Range
charliesc_hudsonmark_gh,6300,charlieschicken_michaelangelosp_ue,1020,Out of Range
healthysal_chelseafin_gh,5640,healthysaladbar_saranbrothersll_ue,5220,Out of Range
mightygril_mariotheba_gh,10080,mightygrilledch_heavenlymarketi_ue,1439,Out of Range
villageque_miyucatan_gh,10080,villagequesadil_lemontreegourme_ue,10073,Out of Range
alyssasdes_gaters_gh,5460,alyssasdessertb_miyucatan_ue,780,Out of Range
vegetarian_tlkitche_gh,5040,vegetarianvegan_marhabaindian_ue,5040,In Range
fionasfrenchtoa_paninicafe_gh,8400,fionasfrenchtoa_paninicafe_ue,1439,Out of Range
highlifepi_sicilianpi_gh,5670,highlifepizzas_mariothebaker_ue,5670,In Range
rooftopsan_paninicafe_gh,6720,rooftopsandwich_villagecafegril_ue,960,Out of Range
sarahssala_aladdinsk_gh,9690,sarahssaladbar_chelseafinefood_ue,1049,Out of Range
tanyasveg_marhabaind_gh,10080,tanyasvegetaria_lemontreegourme_ue,1439,Out of Range
beemansburgerba_chelseapapaya_gh,10080,beemansburgerba_chelseapapaya_ue,1439,Out of Range
burritolov_1stavegour_gh,10080,burritoloversba_goldstreetmarke_ue,1439,Out of Range
antoniosq_allnitepiz_gh,4140,antoniosquesadi_mrpizzaman_ue,780,Out of Range
nysmoothiejoint_princedelimarke_gh,9090,nysmoothiejoint_princedelimarke_ue,1439,Out of Range
thecalical_headlinesd_gh,10080,thecalicalzone_sicilianpizzapa_ue,10073,Out of Range
patricias_michaelang_gh,10080,patriciaspanini_heavenlymarketi_ue,1439,Out of Range
icecreamba_1stavegour_gh,10080,icecreambakeryl_goldstreetmarke_ue,7560,Out of Range
janesjuic_heavenlyma_gh,10080,janesjuicebar_chelseafinefood_ue,10073,Out of Range
nysmoothiejoint_princedelimarke_gh,9090,nysmoothiejoint_princedelimarke_ue,8460,Out of Range
morningseafoodc_chelseapapaya_gh,10080,morningseafoodc_chelseapapaya_ue,10073,Out of Range
theburgers_omegasalad_gh,7560,theburgerstack_remedydiner_ue,10073,Out of Range
chocolatecakesp_daddysdelights_gh,5880,chocolatecakesp_daddysdelights_ue,480,Out of Range
mediterran_wesamdeli_gh,8400,mediterraneansa_citideli_ue,1439,Out of Range
thegourmet_heavenlyma_gh,7140,thegourmetburge_1stavegourmetde_ue,1080,Out of Range
thepaninip_omegasalad_gh,10080,thepaniniprojec_paninigrill9371_ue,1439,Out of Range
highlifeco_remedydine_gh,8400,highlifecoffees_seaportdeli_ue,1439,Out of Range
theburgers_omegasalad_gh,7560,theburgerstack_remedydiner_ue,1439,Out of Range
antoniosq_paninicafe_gh,5310,antoniosquesadi_villagecafegril_ue,4050,Out of Range
papaspani_1stavegour_gh,10080,papaspanini_goldstreetmarke_ue,1439,Out of Range
pennyspancakes_princedelimarke_gh,9090,pennyspancakes_princedelimarke_ue,1439,Out of Range
bigeasesmo_palacerest_gh,7560,bigeasesmoothie_wesamdeli_ue,7140,Out of Range
lucaschic_miyucatan_gh,6510,lucaschickenwin_lemontreegourme_ue,10073,Out of Range
planeteart_seaportdel_gh,4920,planetearthsala_albashasubsdear_ue,960,Out of Range
bosscatche_heavenlyma_gh,7560,bosscatcheesest_1stavegourmetde_ue,1080,Out of Range
themontage_miyucatan_gh,7980,themontageveget_lemontreegourme_ue,1439,Out of Range
curtisfriedchic_chelseapapaya_gh,10080,curtisfriedchic_chelseapapaya_ue,1439,Out of Range
marthasbr_plazamarke_gh,7560,marthasbreakfas_wesamdeli_ue,7560,In Range
italianpan_paninicafe_gh,5460,italianpaniniba_villagecafegril_ue,630,Out of Range
thesaladgod_lincolngourmetd_gh,10080,thesaladgod_lincolngourmetd_ue,1439,Out of Range
bennysbuffalowi_classicpizza_gh,6480,bennysbuffalowi_classicpizza_ue,4680,Out of Range
sashassan_lincolngou_gh,8100,sashassan_frescopizz_ue,4440,Out of Range
salssmoot_bigfamousd_gh,10080,salssmoothiespo_omegasaladbarde_ue,1439,Out of Range
thefrenchf_bigfamousd_gh,8400,thefrenchfriesg_omegasaladbarde_ue,1439,Out of Range
smokenhotw_americanch_gh,7560,smokenhotwingsb_allnitepizza_ue,1080,Out of Range
thevalleyg_canteendes_gh,10080,thevalleygyrosp_americanchoiceg_ue,1439,Out of Range
luigispas_allnitepiz_gh,5460,luigispastarist_mrpizzaman_ue,780,Out of Range
classicitalianp_classicpizza_gh,3480,classicitalianp_classicpizza_ue,900,Out of Range
indianbiry_newyorktha_gh,5040,indianbiryanisn_marhabaindian_ue,720,Out of Range
pardonmypa_aladdinsk_gh,10080,pardonmypanini_chelseafinefood_ue,1049,Out of Range
theomelett_1upbistro_gh,7140,theomelettefarm_plazagourmetdel_ue,7140,In Range
thegyrosho_plazamarke_gh,7140,thegyroshop_wesamdeli_ue,7140,In Range
arifsmedit_seaportdel_gh,6390,arifsmediterran_albashasubsdear_ue,3840,Out of Range
arifsmedit_mrpizzama_gh,7560,arifsmediterran_salsplacedeligr_ue,6160,Out of Range
insomniabu_canteendes_gh,6300,insomniabuffalo_americanchoiceg_ue,10073,Out of Range
saucyhalalwings_frescopizzagril_gh,8100,saucyhalal_frescopizz_ue,5550,Out of Range
badrisbiryaniba_desideli_gh,10080,badrisbiryaniba_desideli_ue,10073,Out of Range
jaysbreak_wesamdeli_gh,8400,jaysbreakfastba_citideli_ue,1439,Out of Range
bartsburgerbar_chelseapapaya_gh,10080,bartsburgerbar_chelseapapaya_ue,1439,Out of Range
villagebreakfas_princedelimarke_gh,10080,villagebreakfas_princedelimarke_ue,1439,Out of Range
kevinsche_paninigril_gh,10080,kevinscheeseste_seaportdeli_ue,1439,Out of Range
thepancake_1stavegour_gh,10080,thepancakesnob_goldstreetmarke_ue,1439,Out of Range
bigdaddyswings_frescopizzagril_gh,7995,bigdaddys_frescopizz_ue,1140,Out of Range
alisgyrol_remedydine_gh,5640,alisgyrolab_1upbistro_ue,540,Out of Range
divyasdum_tlkitche_gh,5070,divyasdumbiryan_marhabaindian_ue,720,Out of Range
franksphillyche_daddysdelights_gh,5640,franksphillyche_daddysdelights_ue,900,Out of Range
arifsmedit_americanch_gh,4500,arifsmedit_greenolive_ue,690,Out of Range
divyasdum_goldstreet_gh,4200,divyasdumbiryan_canteendesidhab_ue,3116,Out of Range
theshawarm_1stavegour_gh,10080,theshawarmabar_goldstreetmarke_ue,1439,Out of Range
carmensbr_eastsidede_gh,7560,carmensbreakfas_bigfamousdeligr_ue,1439,Out of Range
chickenten_plazamarke_gh,6090,chickentendersb_crosstowndinerc_ue,870,Out of Range
antoniosq_wesamdeli_gh,7980,antoniosquesadi_citideli_ue,1439,Out of Range
savorychaa_goldstreet_gh,4200,savorychaathous_canteendesidhab_ue,390,Out of Range
celebrityv_americanch_gh,7140,celebrityveganb_allnitepizza_ue,1080,Out of Range
nancysgrilledch_wesamdeli_gh,7560,nancysgrilledch_wesamdeli_ue,1080,Out of Range
ambrosialw_sicilianpi_gh,6300,ambrosialwings_michaelangelosp_ue,6120,Out of Range
thechicken_tlkitche_gh,4620,thechickendream_gaters_ue,5040,Out of Range
thefarmers_allnitepiz_gh,6480,thefarmerssalad_eastsidedeli_ue,960,Out of Range
halalchickenspo_frescopizzagril_gh,7995,halalchick_frescopizz_ue,5550,Out of Range
theburgerh_tlkitche_gh,4620,theburgerhole_gaters_ue,5040,Out of Range
persiangyr_tlkitche_gh,4620,persiangyrobar_gaters_ue,600,Out of Range
goldenbear_mariotheba_gh,7560,goldenbearsandw_heavenlymarketi_ue,1439,Out of Range
pardonmypa_hudsonmark_gh,6510,pardonmypanini_hudsonmarketpla_ue,1439,Out of Range
slapjackpa_palacerest_gh,7560,slapjackpancake_wesamdeli_ue,7560,In Range
hollysbur_paninicafe_gh,6720,hollysburgerbar_villagecafegril_ue,630,Out of Range
rooftopsan_paninicafe_gh,6720,rooftopsandwich_villagecafegril_ue,630,Out of Range
cheesecake_lincolngou_gh,7995,cheesecake_frescopizz_ue,1140,Out of Range
thepastatw_villagecaf_gh,5040,thepastatwins_sicilianpizzabr_ue,1439,Out of Range
chrisschickente_chelseapapaya_gh,10080,chrisschickente_chelseapapaya_ue,10073,Out of Range
maryssala_allnitepiz_gh,5190,maryssaladco_mrpizzaman_ue,720,Out of Range
pardonmypa_hudsonmark_gh,6510,pardonmypanini_hudsonmarketpla_ue,10073,Out of Range
localbreak_citideli_gh,10080,localbreakfasts_hudsonmarketpla_ue,719,Out of Range
jjsphillycheese_lincolngourmetd_gh,10080,jjsphillycheese_lincolngourmetd_ue,10073,Out of Range
veganfalaf_tlkitche_gh,4200,veganfalafelspo_gaters_ue,600,Out of Range
strictlyve_bigfamousd_gh,8400,strictlyvegetar_omegasaladbarde_ue,1439,Out of Range
insomniabuffalo_daddysdelights_gh,5640,insomniabuffalo_daddysdelights_ue,480,Out of Range
theburgerh_theorigina_gh,7140,theburgerhole_plazagourmetdel_ue,1439,Out of Range
frankiesb_omegasalad_gh,10080,frankiesburgerb_paninigrill9371_ue,1439,Out of Range
fionaspan_paninicafe_gh,4740,fionaspancakeba_villagecafegril_ue,630,Out of Range
theburgerb_marhabaind_gh,3930,theburgerbae_milanspizzeriap_ue,900,Out of Range
thefrenchtoastf_princedelimarke_gh,9090,thefrenchtoastf_princedelimarke_ue,1439,Out of Range
franksphi_villagecaf_gh,10080,franksphillyche_sicilianpizzabr_ue,1439,Out of Range
halalindianmons_desideli_gh,7560,halalindianmons_desideli_ue,1230,Out of Range
coffeecrem_originalpi_gh,8400,coffeecremasnob_olivesorganicma_ue,8400,In Range
thepastast_americanch_gh,5460,thepastastory_mrpizzaman_ue,690,Out of Range
maryssala_wesamdeli_gh,8400,maryssaladco_citideli_ue,10073,Out of Range
thepancake_1stavegour_gh,10080,thepancakesnob_goldstreetmarke_ue,7560,Out of Range
thefrenchf_tlkitche_gh,4620,thefrenchfriesg_gaters_ue,5040,Out of Range
chelseasb_mrpizzama_gh,20160,chelseasbreakfa_bigfamousdeligr_ue,10073,Out of Range
albertosh_wesamdeli_gh,7980,albertosherosan_citideli_ue,1439,Out of Range
theomelettefarm_paninicafe_gh,10080,theomelettefarm_paninicafe_ue,1439,Out of Range
greenssala_olivesorga_gh,7560,greenssaladgod_allnitepizza_ue,1080,Out of Range
halalchickenspo_frescopizzagril_gh,7995,halalchick_frescopizz_ue,1140,Out of Range
midtownquesadil_lincolngourmetd_gh,10080,midtownquesadil_lincolngourmetd_ue,1439,Out of Range
bigeswrap_milanspiz_gh,7980,bigeswraps_lemontreegourme_ue,10073,Out of Range
wrapsontap_tlkitche_gh,4620,wrapsontap_gaters_ue,5040,Out of Range
savorychaa_goldstreet_gh,4200,savorychaathous_canteendesidhab_ue,780,Out of Range
thesandwic_citideli_gh,6480,thesandwichcafe_headlinesdiner_ue,5760,Out of Range
thesaladgo_mrpizzama_gh,6000,thesaladgod_salsplacedeligr_ue,6720,Out of Range
divyasdum_goldstreet_gh,4200,divyasdumbiryan_canteendesidhab_ue,390,Out of Range
headlinesm_gaters_gh,5640,headlinesmexica_miyucatan_ue,780,Out of Range
bigeswrap_milanspiz_gh,7980,bigeswraps_lemontreegourme_ue,1439,Out of Range
amoreitaliandes_princedelimarke_gh,6750,amoreitaliandes_princedelimarke_ue,1439,Out of Range
romanspiz_allnitepiz_gh,5400,romanspizzaoven_mrpizzaman_ue,780,Out of Range
finishline_frescopizz_gh,6480,finishlineburge_classicpizza_ue,900,Out of Range
nybreakfas_originalpi_gh,7860,nybreakfastspot_olivesorganicma_ue,1140,Out of Range
thepaniniprojec_princedelimarke_gh,9090,thepaniniprojec_princedelimarke_ue,1439,Out of Range
theburgers_heavenlyma_gh,6720,theburgerstack_chelseafinefood_ue,10073,Out of Range
indianbiry_newyorktha_gh,5040,indianbiryanisn_marhabaindian_ue,4830,Out of Range
jrsphilly_sicilianpi_gh,5880,jrsphillycheese_plazamarketquee_ue,1439,Out of Range
maryssala_wesamdeli_gh,8400,maryssaladco_citideli_ue,1439,Out of Range
palmtreeju_1upbistro_gh,3060,palmtreejuiceba_farmerspizzagri_ue,840,Out of Range
palmtreeju_originalpi_gh,8400,palmtreejuiceba_olivesorganicma_ue,1140,Out of Range
chickensal_paninigril_gh,10080,chickensaladbar_seaportdeli_ue,1439,Out of Range
beemansburgerba_chelseapapaya_gh,10080,beemansburgerba_chelseapapaya_ue,10073,Out of Range
londonsfishnchi_chelseapapaya_gh,10080,londonsfishnchi_chelseapapaya_ue,10073,Out of Range
thechicken_omegsalad_gh,8400,thechickendream_omegasaladbarde_ue,1439,Out of Range
friedchick_mrpizzama_gh,10080,friedchickenco_salsplacedeligr_ue,1439,Out of Range
sashassan_omegasalad_gh,10080,sashassandwiche_remedydiner_ue,1439,Out of Range
thehotpanc_originalpi_gh,7440,thehotpancake_olivesorganicma_ue,1200,Out of Range
highlifepi_1upbistro_gh,5580,highlifepizzas_farmerspizzagri_ue,780,Out of Range
richmonds_originalpi_gh,7860,richmondsburger_olivesorganicma_ue,8400,Out of Range
dripcheckc_sicilianpi_gh,5880,dripcheckcoffee_plazamarketquee_ue,1439,Out of Range
vegetarian_goldstreet_gh,5700,vegetarianindia_canteendesidhab_ue,390,Out of Range
maryswaff_olivesorga_gh,7140,maryswafflebar_allnitepizza_ue,1080,Out of Range
freshnfrui_originalpi_gh,7440,freshnfruitysmo_olivesorganicma_ue,1140,Out of Range
saladsnsou_paninigril_gh,7560,saladsnsoupssta_remedydiner_ue,1439,Out of Range
chucksche_aladdinsk_gh,10080,chuckscheeseste_chelseafinefood_ue,1049,Out of Range
chocolatecakesp_daddysdelights_gh,5880,chocolatecakesp_daddysdelights_ue,900,Out of Range
indiasqui_vbiryaniz_gh,5040,indiasquickbite_marhabaindian_ue,4830,Out of Range
stansburgerbar_paninicafe_gh,10080,stansburgerbar_paninicafe_ue,1439,Out of Range
alyssasdes_bigfamousd_gh,6090,alyssasdessertb_modenapizzaicec_ue,900,Out of Range
goldenbear_paninicafe_gh,5310,goldenbearsandw_villagecafegril_ue,630,Out of Range
siponsmoot_allnitepiz_gh,6480,siponsmoothie_eastsidedeli_ue,930,Out of Range
breakfastb_americanch_gh,5400,breakfastburrit_mrpizzaman_ue,4680,Out of Range
bombayseaf_tlkitche_gh,5040,bombayseafoodgr_marhabaindian_ue,720,Out of Range
angeloswr_paninigril_gh,10080,angeloswrapssho_seaportdeli_ue,10073,Out of Range
thefrenchf_bigfamousd_gh,8400,thefrenchfriesg_omegasaladbarde_ue,6930,Out of Range
friedchick_mrpizzama_gh,10080,friedchickenco_salsplacedeligr_ue,5280,Out of Range
fionasveg_americanch_gh,7560,fionasveganpizz_allnitepizza_ue,1080,Out of Range
charliesc_greenolive_gh,6720,charlieschicken_salsplacedeligr_ue,1439,Out of Range
lucaschic_miyucatan_gh,6510,lucaschickenwin_lemontreegourme_ue,1439,Out of Range
sandwichon_milanspiz_gh,7980,sandwichonfleek_lemontreegourme_ue,1439,Out of Range
rjsphilly_paninicafe_gh,5460,rjsphillycheese_villagecafegril_ue,630,Out of Range
theburrito_paninicafe_gh,5310,theburritosnob_villagecafegril_ue,630,Out of Range
bosscatbur_1stavegour_gh,10080,bosscatburgers_goldstreetmarke_ue,1439,Out of Range
thesaladgod_princedelimarke_gh,9090,thesaladgod_princedelimarke_ue,1439,Out of Range
arifsmedit_mrpizzama_gh,7560,arifsmediterran_salsplacedeligr_ue,660,Out of Range
theburgerb_canteendes_gh,6300,theburgerblade_americanchoiceg_ue,10073,Out of Range
saladkreat_mrpizzama_gh,7560,saladkreation_salsplacedeligr_ue,600,Out of Range
houseofpan_1upbistro_gh,10080,houseofpaninis_plazagourmetdel_ue,7140,Out of Range
thepaninip_remedydine_gh,8400,thepaniniprojec_seaportdeli_ue,1439,Out of Range
finelinede_tlkitche_gh,4620,finelinedessert_gaters_ue,600,Out of Range
theburgerb_canteendes_gh,6300,theburgerblade_americanchoiceg_ue,1439,Out of Range
wonderland_canteendes_gh,10080,wonderlandwraps_americanchoiceg_ue,1439,Out of Range
thesaladsn_villagecaf_gh,5310,thesaladsnob_villagecafegril_ue,630,Out of Range
dannysdesserts_classicpizza_gh,6480,dannysdesserts_classicpizza_ue,900,Out of Range
devilsbur_hudsonmark_gh,6600,devilsburgerbar_sicilianpizzapa_ue,10073,Out of Range
thegyrosno_heavenlyma_gh,7575,thegyrosnob_aladdinskitchen_ue,7455,Out of Range
meansaladb_remedydine_gh,8400,meansaladbar_seaportdeli_ue,10073,Out of Range
jackschees_tlkitche_gh,4200,jackscheesestea_gaters_ue,600,Out of Range
nysfinesthotdog_chelseapapaya_gh,10080,nysfinesthotdog_chelseapapaya_ue,1439,Out of Range
thefarmers_allnitepiz_gh,6480,thefarmerssalad_eastsidedeli_ue,930,Out of Range
bainsburgerbar_frescopizzagril_gh,7995,bainsburg_frescopizz_ue,1140,Out of Range
princesspa_heavenlyma_gh,7140,princesspanini_1stavegourmetde_ue,7140,In Range
indianbiry_newyorktha_gh,5040,indianbiryanisn_marhabaindian_ue,5040,In Range
thegyrobar_greenolive_gh,10080,thegyrobar_salsplacedeligr_ue,960,Out of Range
badrisbiryaniba_desideli_gh,10080,badrisbiryaniba_desideli_ue,1230,Out of Range
thechopped_bigfamousd_gh,7350,thechoppedsalad_omegasaladbarde_ue,1439,Out of Range
wonderland_heavenlyma_gh,7140,wonderlandwraps_1stavegourmetde_ue,1080,Out of Range
chuckscheeseste_frescopizzagril_gh,7995,chuckschee_frescopizz_ue,1140,Out of Range
oliviasbr_paninicafe_gh,5310,oliviasbreakfas_villagecafegril_ue,815,Out of Range
originofcheesec_classicpizza_gh,6480,originofcheesec_classicpizza_ue,1800,Out of Range
theministe_mariotheba_gh,7560,theministerwrap_heavenlymarketi_ue,10073,Out of Range
nehasindi_vbiryaniz_gh,5040,nehasindianrest_marhabaindian_ue,4830,Out of Range
stellaspa_bigfamousd_gh,10080,stellaspancakeb_paninigrill9371_ue,1439,Out of Range
charliesc_sicilianpi_gh,6300,charliescalzone_michaelangelosp_ue,600,Out of Range
masonsbur_remedydine_gh,8400,masonsburgerbar_seaportdeli_ue,1439,Out of Range
alyssasdes_marhabaind_gh,10080,alyssasdessertb_lemontreegourme_ue,1439,Out of Range
savorychaa_goldstreet_gh,4200,savorychaathous_canteendesidhab_ue,779,Out of Range
